fecha,demanda_total,prioritaria,industria,usinas,exportaciones,iny_tgs,iny_tgn,iny_enarsa,iny_gpm,iny_bolivia,iny_escobar,iny_total,linepack_tgs,var_linepack_tgs,lim_inf_tgs,lim_sup_tgs,linepack_tgn,var_linepack_tgn,lim_inf_tgn,lim_sup_tgn,linepack_total,var_linepack_total,lim_inf_total,lim_sup_total,tramo_final_tgs,tf_lim_inf_tgs,tf_lim_sup_tgs,tramo_final_tgn,tf_lim_inf_tgn,tf_lim_sup_tgn,temp_min_ba,temp_max_ba,temp_prom_ba,temp_min_esquel,temp_max_esquel,temp_prom_esquel,cammesa_gas,cammesa_gasoil,cammesa_fueloil,cammesa_carbon,cammesa_total,gnc,combustible,ajuste,origen_dato,estado_tgn,cammesa_gas_est,cammesa_gasoil_est,cammesa_fueloil_est,cammesa_carbon_est
2024-04-20,109.1,30.1,35.1,,8.5,62.3,25.6,21.2,0.0,0.0,0.0,109.1,,,,,,,,,336.0,,,,,,,,,,19.0,27.0,23.0,,,,,,,,,,,,RDS_ESTIMADO,,,,,
2024-04-21,110.9,31.1,34.8,,8.5,63.6,26.1,21.2,0.0,0.0,0.0,110.9,,,,,,,,,344.2,,,,,,,,,,18.0,23.0,20.5,,,,,,,,,,,,RDS_ESTIMADO,,,,,
2024-04-22,125.0,35.9,35.9,,6.5,73.6,30.2,21.2,0.0,0.0,0.0,125.0,,,,,,,,,348.5,,,,,,,,,,17.0,20.0,18.5,,,,,,,,,,,,RDS_ESTIMADO,,,,,
2024-04-23,123.1,35.9,36.1,,6.5,72.2,29.7,21.2,0.0,0.0,0.0,123.1,,,,,,,,,341.9,,,,,,,,,,17.0,22.0,19.5,,,,,,,,,,,,RDS_ESTIMADO,,,,,
2024-04-24,129.5,38.8,36.3,,8.8,76.8,31.5,21.2,0.0,0.0,0.0,129.5,,,,,,,,,337.4,,,,,,,,,,9.0,19.0,14.0,,,,,,,,,,,,RDS_ESTIMADO,,,,,
2024-04-25,120.2,36.6,35.9,,8.5,70.2,28.8,21.2,0.0,0.0,0.0,120.2,,,,,,,,,331.7,,,,,,,,,,14.0,20.0,17.0,,,,,,,,,,,,RDS_ESTIMADO,,,,,
2024-04-26,120.2,38.0,35.1,,8.5,70.2,28.8,21.2,0.0,0.0,0.0,120.2,,,,,,,,,328.4,,,,,,,,,,16.0,21.0,18.5,,,,,,,,,,,,RDS_ESTIMADO,,,,,
2024-04-27,115.6,35.9,36.2,,7.699999999999999,66.9,27.5,21.2,0.0,0.0,0.0,115.6,,,,,,,,,327.7,,,,,,,,,,12.0,18.0,15.0,,,,,,,,,,,,RDS_ESTIMADO,,,,,
2024-04-28,107.4,32.7,36.0,,7.5,61.1,25.1,21.2,0.0,0.0,0.0,107.4,,,,,,,,,331.2,,,,,,,,,,7.0,20.0,13.5,,,,,,,,,,,,RDS_ESTIMADO,,,,,
2024-04-29,122.2,38.2,36.3,,7.800000000000001,71.6,29.4,21.2,0.0,0.0,0.0,122.2,,,,,,,,,338.0,,,,,,,,,,15.0,19.0,17.0,,,,,,,,,,,,RDS_ESTIMADO,,,,,
2024-04-30,130.6,43.3,37.4,,9.2,77.5,31.9,21.2,0.0,0.0,0.0,130.6,,,,,,,,,337.7,,,,,,,,,,17.0,21.0,19.0,,,,,,,,,,,,RDS_ESTIMADO,,,,,
2024-05-01,114.5,42.4,34.7,,6.1000000000000005,66.1,27.2,21.2,0.0,0.0,0.0,114.5,,,,,,,,,339.8,,,,,,,,,,14.0,19.0,16.5,,,,,,,,,,,,RDS_ESTIMADO,,,,,
2024-05-02,137.3,55.1,34.3,,6.2,82.3,33.8,21.2,0.0,0.0,0.0,137.3,,,,,,,,,352.0,,,,,,,,,,9.0,15.0,12.0,,,,,,,,,,,,RDS_ESTIMADO,,,,,
2024-05-03,133.2,54.4,34.8,,6.2,79.4,32.6,21.2,0.0,0.0,0.0,133.2,,,,,,,,,346.8,,,,,,,,,,6.0,16.0,11.0,,,,,,,,,,,,RDS_ESTIMADO,,,,,
2024-05-04,124.2,48.3,35.0,,6.2,73.0,30.0,21.2,0.0,0.0,0.0,124.2,,,,,,,,,341.7,,,,,,,,,,8.0,19.0,13.5,,,,,,,,,,,,RDS_ESTIMADO,,,,,
2024-05-05,118.3,43.3,34.6,,5.7,68.8,28.3,21.2,0.0,0.0,0.0,118.3,,,,,,,,,344.9,,,,,,,,,,16.0,20.0,18.0,,,,,,,,,,,,RDS_ESTIMADO,,,,,
2024-05-06,126.2,44.8,35.5,,6.2,74.4,30.6,21.2,0.0,0.0,0.0,126.2,,,,,,,,,354.7,,,,,,,,,,18.0,20.0,19.0,,,,,,,,,,,,RDS_ESTIMADO,,,,,
2024-05-07,128.1,44.5,34.2,,6.4,75.8,31.1,21.2,0.0,0.0,0.0,128.1,,,,,,,,,358.4,,,,,,,,,,17.0,20.0,18.5,,,,,,,,,,,,RDS_ESTIMADO,,,,,
2024-05-08,135.7,52.7,34.0,,6.4,81.1,33.4,21.2,0.0,0.0,0.0,135.7,,,,,,,,,358.4,,,,,,,,,,12.0,18.0,15.0,,,,,,,,,,,,RDS_ESTIMADO,,,,,
2024-05-09,140.5,55.7,32.7,,6.8,84.5,34.8,21.2,0.0,0.0,0.0,140.5,,,,,,,,,357.2,,,,,,,,,,7.0,16.0,11.5,,,,,,,,,,,,RDS_ESTIMADO,,,,,
2024-05-10,146.5,58.4,33.6,,6.2,88.8,36.5,21.2,0.0,0.0,0.0,146.5,,,,,,,,,354.6,,,,,,,,,,10.0,17.0,13.5,,,,,,,,,,,,RDS_ESTIMADO,,,,,
2024-05-11,137.3,54.9,32.4,,5.7,82.3,33.8,21.2,0.0,0.0,0.0,137.3,,,,,,,,,349.8,,,,,,,,,,9.0,18.0,13.5,,,,,,,,,,,,RDS_ESTIMADO,,,,,
2024-05-12,135.8,55.0,32.0,,5.7,81.2,33.4,21.2,0.0,0.0,0.0,135.8,,,,,,,,,343.2,,,,,,,,,,9.0,14.0,11.5,,,,,,,,,,,,RDS_ESTIMADO,,,,,
2024-05-13,148.3,63.4,33.8,,5.9,90.1,37.0,21.2,0.0,0.0,0.0,148.3,,,,,,,,,331.9,,,,,,,,,,5.0,14.0,9.5,,,,,,,,,,,,RDS_ESTIMADO,,,,,
2024-05-14,142.0,67.6,33.2,,6.0,85.6,35.2,21.2,0.0,0.0,0.0,142.0,,,,,,,,,322.2,,,,,,,,,,5.0,14.0,9.5,,,,,,,,,,,,RDS_ESTIMADO,,,,,
2024-05-15,145.5,71.8,33.1,,6.3,88.1,36.2,21.2,0.0,0.0,0.0,145.5,,,,,,,,,315.1,,,,,,,,,,5.0,16.0,10.5,,,,,,,,,,,,RDS_ESTIMADO,,,,,
2024-05-16,142.5,70.4,33.1,,6.3,86.0,35.3,21.2,0.0,0.0,0.0,142.5,,,,,,,,,311.7,,,,,,,,,,8.0,17.0,12.5,,,,,,,,,,,,RDS_ESTIMADO,,,,,
2024-05-17,140.6,69.2,32.3,,6.2,84.6,34.8,21.2,0.0,0.0,0.0,140.6,,,,,,,,,310.2,,,,,,,,,,7.0,16.0,11.5,,,,,,,,,,,,RDS_ESTIMADO,,,,,
2024-05-18,134.2,64.8,32.2,,6.2,80.1,32.9,21.2,0.0,0.0,0.0,134.2,,,,,,,,,308.2,,,,,,,,,,6.0,14.0,10.0,,,,,,,,,,,,RDS_ESTIMADO,,,,,
2024-05-19,132.8,62.4,32.1,,6.2,79.1,32.5,21.2,0.0,0.0,0.0,132.8,,,,,,,,,311.4,,,,,,,,,,4.0,14.0,9.0,,,,,,,,,,,,RDS_ESTIMADO,,,,,
2024-05-20,141.9,68.3,33.0,,6.4,85.5,35.2,21.2,0.0,0.0,0.0,141.9,,,,,,,,,319.9,,,,,,,,,,6.0,16.0,11.0,,,,,,,,,,,,RDS_ESTIMADO,,,,,
2024-05-21,141.6,67.6,32.7,,6.4,85.3,35.1,21.2,0.0,0.0,0.0,141.6,,,,,,,,,319.0,,,,,,,,,,11.0,16.0,13.5,,,,,,,,,,,,RDS_ESTIMADO,,,,,
2024-05-22,141.9,67.7,33.3,,6.4,85.5,35.2,21.2,0.0,0.0,0.0,141.9,,,,,,,,,318.4,,,,,,,,,,11.0,16.0,13.5,,,,,,,,,,,,RDS_ESTIMADO,,,,,
2024-05-23,138.2,70.3,27.4,,5.5,82.9,34.1,21.2,0.0,0.0,0.0,138.2,,,,,,,,,316.1,,,,,,,,,,11.0,15.0,13.0,,,,,,,,,,,,RDS_ESTIMADO,,,,,
2024-05-24,146.4,75.9,29.8,,5.5,88.7,36.5,21.2,0.0,0.0,0.0,146.4,,,,,,,,,312.0,,,,,,,,,,7.0,12.0,9.5,,,,,,,,,,,,RDS_ESTIMADO,,,,,
2024-05-25,145.0,77.6,26.9,,5.5,87.7,36.1,21.2,0.0,0.0,0.0,145.0,,,,,,,,,309.2,,,,,,,,,,2.0,11.0,6.5,,,,,,,,,,,,RDS_ESTIMADO,,,,,
2024-05-26,141.1,74.9,27.1,,5.5,85.0,34.9,21.2,0.0,0.0,0.0,141.1,,,,,,,,,314.2,,,,,,,,,,4.0,11.0,7.5,,,,,,,,,,,,RDS_ESTIMADO,,,,,
2024-05-27,148.7,80.1,27.9,,5.5,90.4,37.1,21.2,0.0,0.0,0.0,148.7,,,,,,,,,316.7,,,,,,,,,,7.0,13.0,10.0,,,,,,,,,,,,RDS_ESTIMADO,,,,,
2024-05-28,141.4,76.9,25.4,,5.5,85.2,35.0,21.2,0.0,0.0,0.0,141.4,,,,,,,,,314.3,,,,,,,,,,8.0,15.0,11.5,,,,,,,,,,,,RDS_ESTIMADO,,,,,
2024-05-29,142.3,73.7,27.8,,5.5,85.8,35.3,21.2,0.0,0.0,0.0,142.3,,,,,,,,,311.6,,,,,,,,,,11.0,17.0,14.0,,,,,,,,,,,,RDS_ESTIMADO,,,,,
2024-05-30,147.8,73.4,32.3,,5.5,89.7,36.9,21.2,0.0,0.0,0.0,147.8,,,,,,,,,329.8,,,,,,,,,,12.0,17.0,14.5,,,,,,,,,,,,RDS_ESTIMADO,,,,,
2024-05-31,152.4,68.8,32.8,,6.4,93.0,38.2,21.2,0.0,0.0,0.0,152.4,,,,,,,,,335.2,,,,,,,,,,11.0,17.0,14.0,,,,,,,,,,,,RDS_ESTIMADO,,,,,
2024-06-01,137.5,58.8,30.1,,6.7,82.4,33.9,21.2,0.0,0.0,0.0,137.5,,,,,,,,,335.9,,,,,,,,,,13.0,20.0,16.5,,,,,,,,,,,,RDS_ESTIMADO,,,,,
2024-06-02,135.7,61.2,29.9,,6.4,81.1,33.4,21.2,0.0,0.0,0.0,135.7,,,,,,,,,349.3,,,,,,,,,,10.0,13.0,11.5,,,,,,,,,,,,RDS_ESTIMADO,,,,,
2024-06-03,162.1,75.8,31.4,,6.4,99.9,41.0,21.2,0.0,0.0,0.0,162.1,,,,,,,,,348.8,,,,,,,,,,5.0,13.0,9.0,,,,,,,,,,,,RDS_ESTIMADO,,,,,
2024-06-04,157.7,71.3,32.6,,7.1000000000000005,96.7,39.8,21.2,0.0,0.0,0.0,157.7,,,,,,,,,333.2,,,,,,,,,,9.0,14.0,11.5,,,,,,,,,,,,RDS_ESTIMADO,,,,,
2024-06-05,155.2,68.0,32.5,,6.9,95.0,39.0,21.2,0.0,0.0,0.0,155.2,,,,,,,,,320.2,,,,,,,,,,10.0,16.0,13.0,,,,,,,,,,,,RDS_ESTIMADO,,,,,
2024-06-06,137.8,63.2,32.0,,6.9,82.6,34.0,21.2,0.0,0.0,0.0,137.8,,,,,,,,,318.6,,,,,,,,,,13.0,20.0,16.5,,,,,,,,,,,,RDS_ESTIMADO,,,,,
2024-06-07,139.3,57.2,33.6,,7.4,83.7,34.4,21.2,0.0,0.0,0.0,139.3,,,,,,,,,326.1,,,,,,,,,,14.0,20.0,17.0,,,,,,,,,,,,RDS_ESTIMADO,,,,,
2024-06-08,131.3,48.0,31.9,,7.300000000000001,78.0,32.1,21.2,0.0,0.0,0.0,131.3,,,,,,,,,336.0,,,,,,,,,,16.0,23.0,19.5,,,,,,,,,,,,RDS_ESTIMADO,,,,,
2024-06-09,120.8,42.8,31.6,,6.9,70.6,29.0,21.2,0.0,0.0,0.0,120.8,,,,,,,,,348.5,,,,,,,,,,18.0,25.0,21.5,,,,,,,,,,,,RDS_ESTIMADO,,,,,
2024-06-10,145.1,54.9,33.2,,6.9,87.8,36.1,21.2,0.0,0.0,0.0,145.1,,,,,,,,,364.1,,,,,,,,,,14.0,20.0,17.0,,,,,,,,,,,,RDS_ESTIMADO,,,,,
2024-06-11,141.5,52.3,34.2,,6.9,85.3,35.0,21.2,0.0,0.0,0.0,141.5,,,,,,,,,362.4,,,,,,,,,,12.0,17.0,14.5,,,,,,,,,,,,RDS_ESTIMADO,,,,,
2024-06-12,137.5,49.5,34.2,,7.0,82.4,33.9,21.2,0.0,0.0,0.0,137.5,,,,,,,,,354.6,,,,,,,,,,15.0,22.0,18.5,,,,,,,,,,,,RDS_ESTIMADO,,,,,
2024-06-13,126.7,42.4,33.7,,5.6000000000000005,74.8,30.7,21.2,0.0,0.0,0.0,126.7,,,,,,,,,355.1,,,,,,,,,,21.0,27.0,24.0,,,,,,,,,,,,RDS_ESTIMADO,,,,,
2024-06-14,137.1,49.4,34.7,,5.6000000000000005,82.1,33.8,21.2,0.0,0.0,0.0,137.1,,,,,,,,,359.5,,,,,,,,,,16.0,22.0,19.0,,,,,,,,,,,,RDS_ESTIMADO,,,,,
2024-06-15,129.5,46.6,33.6,,5.300000000000001,76.8,31.5,21.2,0.0,0.0,0.0,129.5,,,,,,,,,353.4,,,,,,,,,,11.0,20.0,15.5,,,,,,,,,,,,RDS_ESTIMADO,,,,,
2024-06-16,132.0,48.9,33.4,,5.300000000000001,78.5,32.3,21.2,0.0,0.0,0.0,132.0,,,,,,,,,347.7,,,,,,,,,,12.0,18.0,15.0,,,,,,,,,,,,RDS_ESTIMADO,,,,,
2024-06-17,136.1,51.9,33.1,,5.6000000000000005,81.4,33.5,21.2,0.0,0.0,0.0,136.1,,,,,,,,,343.9,,,,,,,,,,11.0,18.0,14.5,,,,,,,,,,,,RDS_ESTIMADO,,,,,
2024-06-18,148.1,55.7,33.1,,5.9,89.9,37.0,21.2,0.0,0.0,0.0,148.1,,,,,,,,,341.4,,,,,,,,,,15.0,17.0,16.0,,,,,,,,,,,,RDS_ESTIMADO,,,,,
2024-06-19,148.0,58.2,33.2,,6.800000000000001,89.9,36.9,21.2,0.0,0.0,0.0,148.0,,,,,,,,,337.6,,,,,,,,,,13.0,18.0,15.5,,,,,,,,,,,,RDS_ESTIMADO,,,,,
2024-06-20,143.9,58.9,32.6,,6.7,87.0,35.7,21.2,0.0,0.0,0.0,143.9,,,,,,,,,333.4,,,,,,,,,,10.0,15.0,12.5,,,,,,,,,,,,RDS_ESTIMADO,,,,,
2024-06-21,140.8,53.8,32.5,,6.6,84.8,34.8,21.2,0.0,0.0,0.0,140.8,,,,,,,,,326.6,,,,,,,,,,13.0,18.0,15.5,,,,,,,,,,,,RDS_ESTIMADO,,,,,
2024-06-22,135.3,52.8,32.2,,6.3,80.9,33.2,21.2,0.0,0.0,0.0,135.3,,,,,,,,,332.7,,,,,,,,,,16.0,18.0,17.0,,,,,,,,,,,,RDS_ESTIMADO,,,,,
2024-06-23,137.0,56.9,32.0,,6.3,82.1,33.7,21.2,0.0,0.0,0.0,137.0,,,,,,,,,343.0,,,,,,,,,,11.0,16.0,13.5,,,,,,,,,,,,RDS_ESTIMADO,,,,,
2024-06-24,160.5,74.2,33.1,,6.3,98.7,40.6,21.2,0.0,0.0,0.0,160.5,,,,,,,,,344.2,,,,,,,,,,6.0,13.0,9.5,,,,,,,,,,,,RDS_ESTIMADO,,,,,
2024-06-25,149.5,78.4,31.9,,6.4,90.9,37.4,21.2,0.0,0.0,0.0,149.5,,,,,,,,,335.3,,,,,,,,,,5.0,12.0,8.5,,,,,,,,,,,,RDS_ESTIMADO,,,,,
2024-06-26,148.9,77.3,32.7,,6.0,90.5,37.2,21.2,0.0,0.0,0.0,148.9,,,,,,,,,330.1,,,,,,,,,,6.0,14.0,10.0,,,,,,,,,,,,RDS_ESTIMADO,,,,,
2024-06-27,144.6,76.3,32.7,,4.8999999999999995,87.5,35.9,21.2,0.0,0.0,0.0,144.6,,,,,,,,,327.0,,,,,,,,,,8.0,17.0,12.5,,,,,,,,,,,,RDS_ESTIMADO,,,,,
2024-06-28,145.4,80.0,30.0,,4.3,88.0,36.2,21.2,0.0,0.0,0.0,145.4,,,,,,,,,335.2,,,,,,,,,,7.0,12.0,9.5,,,,,,,,,,,,RDS_ESTIMADO,,,,,
2024-06-29,142.3,80.8,27.2,,4.0,85.8,35.3,21.2,0.0,0.0,0.0,142.3,,,,,,,,,342.7,,,,,,,,,,2.0,10.0,6.0,,,,,,,,,,,,RDS_ESTIMADO,,,,,
2024-06-30,136.5,74.8,27.5,,4.3,81.7,33.6,21.2,0.0,0.0,0.0,136.5,,,,,,,,,345.6,,,,,,,,,,2.0,14.0,8.0,,,,,,,,,,,,RDS_ESTIMADO,,,,,
2024-07-01,147.9,83.0,28.7,,4.3,89.8,36.9,21.2,0.0,0.0,0.0,147.9,,,,,,,,,356.2,,,,,,,,,,7.0,17.0,12.0,,,,,,,,,,,,RDS_ESTIMADO,,,,,
2024-07-02,141.4,76.1,29.5,,1.2,85.2,35.0,21.2,0.0,0.0,0.0,141.4,,,,,,,,,364.4,,,,,,,,,,7.0,18.0,12.5,,,,,,,,,,,,RDS_ESTIMADO,,,,,
2024-07-03,144.0,77.7,28.9,,1.0,87.0,35.8,21.2,0.0,0.0,0.0,144.0,,,,,,,,,366.0,,,,,,,,,,7.0,13.0,10.0,,,,,,,,,,,,RDS_ESTIMADO,,,,,
2024-07-04,143.9,77.9,29.9,,2.3,87.0,35.7,21.2,0.0,0.0,0.0,143.9,,,,,,,,,355.2,,,,,,,,,,3.0,13.0,8.0,,,,,,,,,,,,RDS_ESTIMADO,,,,,
2024-07-05,151.9,85.0,29.3,,3.4,92.6,38.1,21.2,0.0,0.0,0.0,151.9,,,,,,,,,350.6,,,,,,,,,,3.0,12.0,7.5,,,,,,,,,,,,RDS_ESTIMADO,,,,,
2024-07-06,149.6,86.6,27.9,,4.4,91.0,37.4,21.2,0.0,0.0,0.0,149.6,,,,,,,,,343.5,,,,,,,,,,0.0,10.0,5.0,,,,,,,,,,,,RDS_ESTIMADO,,,,,
2024-07-07,141.7,79.8,27.6,,4.4,85.4,35.1,21.2,0.0,0.0,0.0,141.7,,,,,,,,,342.4,,,,,,,,,,5.0,11.0,8.0,,,,,,,,,,,,RDS_ESTIMADO,,,,,
2024-07-08,158.2,90.9,28.9,,5.3,97.1,39.9,21.2,0.0,0.0,0.0,158.2,,,,,,,,,349.7,,,,,,,,,,2.0,8.0,5.0,,,,,,,,,,,,RDS_ESTIMADO,,,,,
2024-07-09,150.9,86.8,29.4,,4.1,91.9,37.8,21.2,0.0,0.0,0.0,150.9,,,,,,,,,342.5,,,,,,,,,,,,,,,,,,,,,,,,RDS_ESTIMADO,,,,,
2024-07-10,153.6,87.1,29.9,,4.3,93.8,38.6,21.2,0.0,0.0,0.0,153.6,,,,,,,,,337.1,,,,,,,,,,,,,,,,,,,,,,,,RDS_ESTIMADO,,,,,
2024-07-11,157.5,89.5,30.5,,5.5,96.6,39.7,21.2,0.0,0.0,0.0,157.5,,,,,,,,,325.6,,,,,,,,,,,,,,,,,,,,,,,,RDS_ESTIMADO,,,,,
2024-07-12,152.7,90.0,28.0,,5.0,93.2,38.3,21.2,0.0,0.0,0.0,152.7,,,,,,,,,321.7,,,,,,,,,,1.0,13.0,7.0,,,,,,,,,,,,RDS_ESTIMADO,,,,,
2024-07-13,143.3,84.7,25.1,,5.0,86.5,35.6,21.2,0.0,0.0,0.0,143.3,,,,,,,,,322.4,,,,,,,,,,0.0,14.0,7.0,,,,,,,,,,,,RDS_ESTIMADO,,,,,
2024-07-14,136.5,80.1,25.6,,5.0,81.7,33.6,21.2,0.0,0.0,0.0,136.5,,,,,,,,,327.5,,,,,,,,,,1.0,14.0,7.5,,,,,,,,,,,,RDS_ESTIMADO,,,,,
2024-07-15,144.7,82.8,27.3,,5.0,87.5,36.0,21.2,0.0,0.0,0.0,144.7,,,,,,,,,339.8,,,,,,,,,,5.0,15.0,10.0,,,,,,,,,,,,RDS_ESTIMADO,,,,,
2024-07-16,147.8,78.4,30.2,,5.3,89.7,36.9,21.2,0.0,0.0,0.0,147.8,,,,,,,,,343.7,,,,,,,,,,9.0,16.0,12.5,,,,,,,,,,,,RDS_ESTIMADO,,,,,
2024-07-17,155.3,74.8,32.3,,5.3,95.0,39.1,21.2,0.0,0.0,0.0,155.3,,,,,,,,,346.7,,,,,,,,,,9.0,18.0,13.5,,,,,,,,,,,,RDS_ESTIMADO,,,,,
2024-07-18,148.4,66.7,32.8,,5.7,90.1,37.1,21.2,0.0,0.0,0.0,148.4,,,,,,,,,347.8,,,,,,,,,,11.0,19.0,15.0,,,,,,,,,,,,RDS_ESTIMADO,,,,,
2024-07-19,152.6,72.2,32.5,,6.0,93.1,38.3,21.2,0.0,0.0,0.0,152.6,,,,,,,,,346.7,,,,,,,,,,10.0,14.0,12.0,,,,,,,,,,,,RDS_ESTIMADO,,,,,
2024-07-20,151.0,70.8,33.0,,5.8,92.0,37.8,21.2,0.0,0.0,0.0,151.0,,,,,,,,,334.6,,,,,,,,,,8.0,12.0,10.0,,,,,,,,,,,,RDS_ESTIMADO,,,,,
2024-07-21,140.4,65.0,32.8,,5.3,84.5,34.7,21.2,0.0,0.0,0.0,140.4,,,,,,,,,332.6,,,,,,,,,,11.0,14.0,12.5,,,,,,,,,,,,RDS_ESTIMADO,,,,,
2024-07-22,150.6,70.2,32.8,,6.0,91.7,37.7,21.2,0.0,0.0,0.0,150.6,,,,,,,,,338.6,,,,,,,,,,11.0,17.0,14.0,,,,,,,,,,,,RDS_ESTIMADO,,,,,
2024-07-23,145.3,65.5,32.3,,5.8,87.9,36.2,21.2,0.0,0.0,0.0,145.3,,,,,,,,,340.8,,,,,,,,,,10.0,20.0,15.0,,,,,,,,,,,,RDS_ESTIMADO,,,,,
2024-07-24,135.2,58.0,31.9,,5.8,80.8,33.2,21.2,0.0,0.0,0.0,135.2,,,,,,,,,341.2,,,,,,,,,,12.0,17.0,14.5,,,,,,,,,,,,RDS_ESTIMADO,,,,,
2024-07-25,139.4,60.6,32.5,,5.8,83.8,34.4,21.2,0.0,0.0,0.0,139.4,,,,,,,,,348.7,,,,,,,,,,9.0,19.0,14.0,,,,,,,,,,,,RDS_ESTIMADO,,,,,
2024-07-26,140.2,64.0,30.4,,6.1,84.3,34.7,21.2,0.0,0.0,0.0,140.2,,,,,,,,,355.6,,,,,,,,,,8.0,17.0,12.5,,,,,,,,,,,,RDS_ESTIMADO,,,,,
2024-07-27,132.5,60.6,29.7,,5.3999999999999995,78.9,32.4,21.2,0.0,0.0,0.0,132.5,,,,,,,,,361.6,,,,,,,,,,7.0,21.0,14.0,,,,,,,,,,,,RDS_ESTIMADO,,,,,
2024-07-28,135.8,63.4,29.0,,5.3999999999999995,81.2,33.4,21.2,0.0,0.0,0.0,135.8,,,,,,,,,362.2,,,,,,,,,,6.0,15.0,10.5,,,,,,,,,,,,RDS_ESTIMADO,,,,,
2024-07-29,149.9,77.5,30.4,,5.8,91.2,37.5,21.2,0.0,0.0,0.0,149.9,,,,,,,,,357.0,,,,,,,,,,4.0,12.0,8.0,,,,,,,,,,,,RDS_ESTIMADO,,,,,
2024-07-30,157.3,74.2,29.6,,5.7,96.5,39.6,21.2,0.0,0.0,0.0,157.3,,,,,,,,,348.9,,,,,,,,,,7.0,14.0,10.5,,,,,,,,,,,,RDS_ESTIMADO,,,,,
2024-07-31,147.5,70.5,29.5,,5.8,89.5,36.8,21.2,0.0,0.0,0.0,147.5,,,,,,,,,340.5,,,,,,,,,,9.0,18.0,13.5,,,,,,,,,,,,RDS_ESTIMADO,,,,,
2024-08-02,124.0,48.8,30.1,,4.8,72.9,29.9,21.2,0.0,0.0,0.0,124.0,,,,,,,,,342.9,,,,,,,,,,21.0,28.0,24.5,,,,,,,,,,,,RDS_ESTIMADO,,,,,
2024-08-03,124.9,50.6,29.3,,3.5,73.5,30.2,21.2,0.0,0.0,0.0,124.9,,,,,,,,,358.9,,,,,,,,,,13.0,20.0,16.5,,,,,,,,,,,,RDS_ESTIMADO,,,,,
2024-08-04,121.6,47.6,29.0,,3.3,71.2,29.2,21.2,0.0,0.0,0.0,121.6,,,,,,,,,368.4,,,,,,,,,,8.0,18.0,13.0,,,,,,,,,,,,RDS_ESTIMADO,,,,,
2024-08-05,144.2,63.0,30.3,,5.3,87.2,35.8,21.2,0.0,0.0,0.0,144.2,,,,,,,,,366.2,,,,,,,,,,10.0,16.0,13.0,,,,,,,,,,,,RDS_ESTIMADO,,,,,
2024-08-06,136.5,58.8,30.6,,5.1,81.7,33.6,21.2,0.0,0.0,0.0,136.5,,,,,,,,,357.9,,,,,,,,,,14.0,18.0,16.0,,,,,,,,,,,,RDS_ESTIMADO,,,,,
2024-08-07,152.3,69.1,30.7,,4.6,92.9,38.2,21.2,0.0,0.0,0.0,152.3,,,,,,,,,361.7,,,,,,,,,,9.0,16.0,12.5,,,,,,,,,,,,RDS_ESTIMADO,,,,,
2024-08-08,157.1,74.2,30.0,,4.3,96.3,39.6,21.2,0.0,0.0,0.0,157.1,,,,,,,,,347.6,,,,,,,,,,7.0,9.0,8.0,,,,,,,,,,,,RDS_ESTIMADO,,,,,
2024-08-09,154.0,78.1,29.8,,2.8,94.1,38.7,21.2,0.0,0.0,0.0,154.0,,,,,,,,,334.2,,,,,,,,,,4.0,11.0,7.5,,,,,,,,,,,,RDS_ESTIMADO,,,,,
2024-08-10,142.9,73.3,26.7,,4.3,86.2,35.5,21.2,0.0,0.0,0.0,142.9,,,,,,,,,331.1,,,,,,,,,,3.0,16.0,9.5,,,,,,,,,,,,RDS_ESTIMADO,,,,,
2024-08-11,135.0,68.4,26.4,,4.3,80.6,33.2,21.2,0.0,0.0,0.0,135.0,,,,,,,,,342.8,,,,,,,,,,11.0,16.0,13.5,,,,,,,,,,,,RDS_ESTIMADO,,,,,
2024-08-12,154.8,75.9,28.1,,4.3,94.7,38.9,21.2,0.0,0.0,0.0,154.8,,,,,,,,,357.8,,,,,,,,,,4.0,12.0,8.0,,,,,,,,,,,,RDS_ESTIMADO,,,,,
2024-08-13,149.0,67.0,29.6,,4.8,90.6,37.2,21.2,0.0,0.0,0.0,149.0,,,,,,,,,353.4,,,,,,,,,,7.0,18.0,12.5,,,,,,,,,,,,RDS_ESTIMADO,,,,,
2024-08-14,147.3,66.2,28.7,,5.3,89.4,36.7,21.2,0.0,0.0,0.0,147.3,,,,,,,,,346.4,,,,,,,,,,10.0,20.0,15.0,,,,,,,,,,,,RDS_ESTIMADO,,,,,
2024-08-15,145.5,60.8,32.3,,4.6,88.1,36.2,21.2,0.0,0.0,0.0,145.5,,,,,,,,,349.4,,,,,,,,,,8.0,18.0,13.0,,,,,,,,,,,,RDS_ESTIMADO,,,,,
2024-08-16,145.0,59.6,33.9,,3.5999999999999996,87.7,36.1,21.2,0.0,0.0,0.0,145.0,,,,,,,,,350.4,,,,,,,,,,8.0,15.0,11.5,,,,,,,,,,,,RDS_ESTIMADO,,,,,
2024-08-17,142.9,58.9,33.7,,4.5,86.2,35.5,21.2,0.0,0.0,0.0,142.9,,,,,,,,,341.2,,,,,,,,,,9.0,16.0,12.5,,,,,,,,,,,,RDS_ESTIMADO,,,,,
2024-08-18,140.2,57.4,33.5,,4.3,84.3,34.7,21.2,0.0,0.0,0.0,140.2,,,,,,,,,342.7,,,,,,,,,,10.0,15.0,12.5,,,,,,,,,,,,RDS_ESTIMADO,,,,,
2024-08-19,158.3,70.9,34.9,,4.3,97.2,39.9,21.2,0.0,0.0,0.0,158.3,,,,,,,,,345.3,,,,,,,,,,11.0,14.0,12.5,,,,,,,,,,,,RDS_ESTIMADO,,,,,
2024-08-20,153.8,73.8,34.0,,5.3,94.0,38.6,21.2,0.0,0.0,0.0,153.8,,,,,,,,,336.0,,,,,,,,,,6.0,12.0,9.0,,,,,,,,,,,,RDS_ESTIMADO,,,,,
2024-08-21,151.9,76.4,34.7,,5.3,92.6,38.1,21.2,0.0,0.0,0.0,151.9,,,,,,,,,331.3,,,,,,,,,,9.0,12.0,10.5,,,,,,,,,,,,RDS_ESTIMADO,,,,,
2024-08-22,153.2,81.9,32.3,,5.5,93.5,38.5,21.2,0.0,0.0,0.0,153.2,,,,,,,,,330.0,,,,,,,,,,7.0,11.0,9.0,,,,,,,,,,,,RDS_ESTIMADO,,,,,
2024-08-23,152.3,82.8,32.0,,4.3,92.9,38.2,21.2,0.0,0.0,0.0,152.3,,,,,,,,,325.7,,,,,,,,,,6.0,13.0,9.5,,,,,,,,,,,,RDS_ESTIMADO,,,,,
2024-08-24,144.9,77.6,30.9,,3.8,87.7,36.0,21.2,0.0,0.0,0.0,144.9,,,,,,,,,324.7,,,,,,,,,,3.0,12.0,7.5,,,,,,,,,,,,RDS_ESTIMADO,,,,,
2024-08-25,137.7,73.1,30.8,,3.3,82.6,33.9,21.2,0.0,0.0,0.0,137.7,,,,,,,,,331.2,,,,,,,,,,4.0,13.0,8.5,,,,,,,,,,,,RDS_ESTIMADO,,,,,
2024-08-26,146.1,77.3,32.0,,4.3,88.5,36.4,21.2,0.0,0.0,0.0,146.1,,,,,,,,,342.1,,,,,,,,,,2.0,13.0,7.5,,,,,,,,,,,,RDS_ESTIMADO,,,,,
2024-08-27,143.7,71.3,33.5,,3.8,86.8,35.7,21.2,0.0,0.0,0.0,143.7,,,,,,,,,346.8,,,,,,,,,,5.0,17.0,11.0,,,,,,,,,,,,RDS_ESTIMADO,,,,,
2024-08-28,145.5,65.0,33.9,,4.3,88.1,36.2,21.2,0.0,0.0,0.0,145.5,,,,,,,,,347.9,,,,,,,,,,7.0,18.0,12.5,,,,,,,,,,,,RDS_ESTIMADO,,,,,
2024-08-29,141.9,59.5,33.9,,5.2,85.5,35.2,21.2,0.0,0.0,0.0,141.9,,,,,,,,,350.1,,,,,,,,,,11.0,17.0,14.0,,,,,,,,,,,,RDS_ESTIMADO,,,,,
2024-09-04,136.7,53.2,34.3,,4.8,81.9,33.6,21.2,0.0,0.0,0.0,136.7,,,,,,,,,351.8,,,,,,,,,,9.0,19.0,14.0,,,,,,,,,,,,RDS_ESTIMADO,,,,,
2024-09-05,143.2,56.5,34.7,,4.6,86.5,35.5,21.2,0.0,0.0,0.0,143.2,,,,,,,,,348.8,,,,,,,,,,6.0,16.0,11.0,,,,,,,,,,,,RDS_ESTIMADO,,,,,
2024-09-06,136.1,49.8,33.9,,5.8,81.4,33.5,21.2,0.0,0.0,0.0,136.1,,,,,,,,,343.8,,,,,,,,,,11.0,21.0,16.0,,,,,,,,,,,,RDS_ESTIMADO,,,,,
2024-09-07,129.7,46.3,32.0,,6.3,76.9,31.6,21.2,0.0,0.0,0.0,129.7,,,,,,,,,346.9,,,,,,,,,,10.0,22.0,16.0,,,,,,,,,,,,RDS_ESTIMADO,,,,,
2024-09-08,122.2,41.4,31.9,,6.3,71.6,29.4,21.2,0.0,0.0,0.0,122.2,,,,,,,,,356.8,,,,,,,,,,10.0,21.0,15.5,,,,,,,,,,,,RDS_ESTIMADO,,,,,
2024-09-09,134.5,45.5,33.4,,6.4,80.3,33.0,21.2,0.0,0.0,0.0,134.5,,,,,,,,,365.4,,,,,,,,,,14.0,19.0,16.5,,,,,,,,,,,,RDS_ESTIMADO,,,,,
2024-09-10,134.2,41.6,34.7,,6.9,80.1,32.9,21.2,0.0,0.0,0.0,134.2,,,,,,,,,363.4,,,,,,,,,,13.0,20.0,16.5,,,,,,,,,,,,RDS_ESTIMADO,,,,,
2024-09-11,141.5,45.5,37.6,,7.3,85.3,35.0,21.2,0.0,0.0,0.0,141.5,,,,,,,,,359.9,,,,,,,,,,12.0,17.0,14.5,,,,,,,,,,,,RDS_ESTIMADO,,,,,
2024-09-12,140.3,47.6,36.8,,7.3,84.4,34.7,21.2,0.0,0.0,0.0,140.3,,,,,,,,,356.4,,,,,,,,,,8.0,19.0,13.5,,,,,,,,,,,,RDS_ESTIMADO,,,,,
2024-09-13,137.7,44.3,36.8,,6.3,82.6,33.9,21.2,0.0,0.0,0.0,137.7,,,,,,,,,355.9,,,,,,,,,,10.0,19.0,14.5,,,,,,,,,,,,RDS_ESTIMADO,,,,,
2024-09-14,127.6,41.7,34.8,,5.8,75.4,31.0,21.2,0.0,0.0,0.0,127.6,,,,,,,,,356.6,,,,,,,,,,10.0,18.0,14.0,,,,,,,,,,,,RDS_ESTIMADO,,,,,
2024-09-15,115.7,37.5,34.5,,5.3,67.0,27.5,21.2,0.0,0.0,0.0,115.7,,,,,,,,,350.6,,,,,,,,,,10.0,21.0,15.5,,,,,,,,,,,,RDS_ESTIMADO,,,,,
2024-09-16,134.0,40.0,36.2,,5.1,79.9,32.9,21.2,0.0,0.0,0.0,134.0,,,,,,,,,364.2,,,,,,,,,,14.0,23.0,18.5,,,,,,,,,,,,RDS_ESTIMADO,,,,,
2024-09-17,126.4,36.9,35.8,,4.9,74.6,30.6,21.2,0.0,0.0,0.0,126.4,,,,,,,,,369.6,,,,,,,,,,14.0,25.0,19.5,,,,,,,,,,,,RDS_ESTIMADO,,,,,
2024-09-18,124.4,34.8,36.3,,1.4,73.1,30.1,21.2,0.0,0.0,0.0,124.4,,,,,,,,,373.0,,,,,,,,,,16.0,26.0,21.0,,,,,,,,,,,,RDS_ESTIMADO,,,,,
2024-09-19,121.7,34.9,36.0,,4.3,71.2,29.3,21.2,0.0,0.0,0.0,121.7,,,,,,,,,369.3,,,,,,,,,,18.0,25.0,21.5,,,,,,,,,,,,RDS_ESTIMADO,,,,,
2024-09-20,120.6,34.6,34.5,,5.3,70.4,29.0,21.2,0.0,0.0,0.0,120.6,,,,,,,,,364.0,,,,,,,,,,13.0,25.0,19.0,,,,,,,,,,,,RDS_ESTIMADO,,,,,
2024-09-21,110.4,29.0,34.9,,5.3,63.2,26.0,21.2,0.0,0.0,0.0,110.4,,,,,,,,,363.7,,,,,,,,,,15.0,27.0,21.0,,,,,,,,,,,,RDS_ESTIMADO,,,,,
2024-09-22,111.9,30.0,35.0,,5.3,64.3,26.4,21.2,0.0,0.0,0.0,111.9,,,,,,,,,364.5,,,,,,,,,,18.0,26.0,22.0,,,,,,,,,,,,RDS_ESTIMADO,,,,,
2024-09-23,126.8,34.5,35.6,,4.4,74.8,30.8,21.2,0.0,0.0,0.0,126.8,,,,,,,,,367.2,,,,,,,,,,13.0,21.0,17.0,,,,,,,,,,,,RDS_ESTIMADO,,,,,
2024-09-24,129.5,37.0,35.3,,5.4,76.8,31.5,21.2,0.0,0.0,0.0,129.5,,,,,,,,,359.5,,,,,,,,,,14.0,20.0,17.0,,,,,,,,,,,,RDS_ESTIMADO,,,,,
2024-09-25,130.8,38.1,36.1,,5.4,77.7,31.9,21.2,0.0,0.0,0.0,130.8,,,,,,,,,356.6,,,,,,,,,,14.0,21.0,17.5,,,,,,,,,,,,RDS_ESTIMADO,,,,,
2024-09-26,130.3,36.8,36.5,,6.3,77.3,31.8,21.2,0.0,0.0,0.0,130.3,,,,,,,,,353.3,,,,,,,,,,11.0,20.0,15.5,,,,,,,,,,,,RDS_ESTIMADO,,,,,
2024-09-27,125.2,35.7,36.0,,6.6,73.7,30.3,21.2,0.0,0.0,0.0,125.2,,,,,,,,,349.5,,,,,,,,,,9.0,21.0,15.0,,,,,,,,,,,,RDS_ESTIMADO,,,,,
2024-09-28,115.2,30.1,36.0,,6.4,66.6,27.4,21.2,0.0,0.0,0.0,115.2,,,,,,,,,352.4,,,,,,,,,,14.0,25.0,19.5,,,,,,,,,,,,RDS_ESTIMADO,,,,,
2024-09-29,115.0,26.9,35.8,,5.7,66.5,27.3,21.2,0.0,0.0,0.0,115.0,,,,,,,,,360.3,,,,,,,,,,17.0,28.0,22.5,,,,,,,,,,,,RDS_ESTIMADO,,,,,
2024-09-30,130.3,31.2,37.0,,6.5,77.3,31.8,21.2,0.0,0.0,0.0,130.3,,,,,,,,,368.1,,,,,,,,,,19.0,29.0,24.0,,,,,,,,,,,,RDS_ESTIMADO,,,,,
2024-10-01,133.1,33.2,37.0,,7.9,79.3,32.6,21.2,0.0,0.0,0.0,133.1,,,,,,,,,362.7,,,,,,,,,,15.0,22.0,18.5,,,,,,,,,,,,RDS_ESTIMADO,,,,,
2024-10-02,135.8,35.9,37.3,,8.0,81.2,33.4,21.2,0.0,0.0,0.0,135.8,,,,,,,,,358.7,,,,,,,,,,13.0,21.0,17.0,,,,,,,,,,,,RDS_ESTIMADO,,,,,
2024-10-03,131.2,34.6,37.3,,6.8,78.0,32.0,21.2,0.0,0.0,0.0,131.2,,,,,,,,,350.4,,,,,,,,,,8.0,21.0,14.5,,,,,,,,,,,,RDS_ESTIMADO,,,,,
2024-10-04,121.6,32.1,37.4,,6.699999999999999,71.2,29.2,21.2,0.0,0.0,0.0,121.6,,,,,,,,,346.0,,,,,,,,,,12.0,23.0,17.5,,,,,,,,,,,,RDS_ESTIMADO,,,,,
2024-10-05,123.0,29.4,36.0,,7.699999999999999,72.1,29.7,21.2,0.0,0.0,0.0,123.0,,,,,,,,,341.7,,,,,,,,,,16.0,25.0,20.5,,,,,,,,,,,,RDS_ESTIMADO,,,,,
2024-10-06,111.2,26.6,35.9,,7.4,63.8,26.2,21.2,0.0,0.0,0.0,111.2,,,,,,,,,339.0,,,,,,,,,,15.0,21.0,18.0,,,,,,,,,,,,RDS_ESTIMADO,,,,,
2024-10-07,119.8,29.8,37.1,,7.9,69.9,28.7,21.2,0.0,0.0,0.0,119.8,,,,,,,,,346.5,,,,,,,,,,16.0,19.0,17.5,,,,,,,,,,,,RDS_ESTIMADO,,,,,
2024-10-08,121.6,29.9,37.8,,7.5,71.2,29.2,21.2,0.0,0.0,0.0,121.6,,,,,,,,,347.1,,,,,,,,,,15.0,22.0,18.5,,,,,,,,,,,,RDS_ESTIMADO,,,,,
2024-10-09,121.0,29.4,38.9,,7.9,70.7,29.1,21.2,0.0,0.0,0.0,121.0,,,,,,,,,342.4,,,,,,,,,,13.0,21.0,17.0,,,,,,,,,,,,RDS_ESTIMADO,,,,,
2024-10-10,121.4,30.8,38.7,,7.5,71.0,29.2,21.2,0.0,0.0,0.0,121.4,,,,,,,,,342.2,,,,,,,,,,15.0,22.0,18.5,,,,,,,,,,,,RDS_ESTIMADO,,,,,
2024-10-11,107.6,26.3,37.3,,6.4,61.2,25.2,21.2,0.0,0.0,0.0,107.6,,,,,,,,,350.1,,,,,,,,,,15.0,28.0,21.5,,,,,,,,,,,,RDS_ESTIMADO,,,,,
2024-10-12,108.6,28.7,36.5,,6.4,61.9,25.5,21.2,0.0,0.0,0.0,108.6,,,,,,,,,361.4,,,,,,,,,,13.0,22.0,17.5,,,,,,,,,,,,RDS_ESTIMADO,,,,,
2024-10-13,105.4,25.5,36.3,,6.4,59.7,24.5,21.2,0.0,0.0,0.0,105.4,,,,,,,,,365.1,,,,,,,,,,13.0,22.0,17.5,,,,,,,,,,,,RDS_ESTIMADO,,,,,
2024-10-14,118.6,28.5,37.8,,6.9,69.0,28.4,21.2,0.0,0.0,0.0,118.6,,,,,,,,,364.7,,,,,,,,,,16.0,21.0,18.5,,,,,,,,,,,,RDS_ESTIMADO,,,,,
2024-10-15,113.4,24.4,38.5,,5.9,65.3,26.9,21.2,0.0,0.0,0.0,113.4,,,,,,,,,366.1,,,,,,,,,,16.0,26.0,21.0,,,,,,,,,,,,RDS_ESTIMADO,,,,,
2024-10-16,115.8,24.0,38.7,,6.9,67.0,27.6,21.2,0.0,0.0,0.0,115.8,,,,,,,,,367.6,,,,,,,,,,16.0,24.0,20.0,,,,,,,,,,,,RDS_ESTIMADO,,,,,
2024-10-17,116.4,25.4,38.5,,7.6,67.5,27.7,21.2,0.0,0.0,0.0,116.4,,,,,,,,,363.0,,,,,,,,,,16.0,25.0,20.5,,,,,,,,,,,,RDS_ESTIMADO,,,,,
2024-10-18,116.5,21.9,38.0,,6.800000000000001,67.5,27.8,21.2,0.0,0.0,0.0,116.5,,,,,,,,,357.8,,,,,,,,,,16.0,26.0,21.0,,,,,,,,,,,,RDS_ESTIMADO,,,,,
2024-10-19,103.8,17.8,37.6,,6.6,58.5,24.1,21.2,0.0,0.0,0.0,103.8,,,,,,,,,353.4,,,,,,,,,,17.0,29.0,23.0,,,,,,,,,,,,RDS_ESTIMADO,,,,,
2024-10-20,99.6,16.0,37.0,,6.6,55.6,22.8,21.2,0.0,0.0,0.0,99.6,,,,,,,,,354.3,,,,,,,,,,18.0,29.0,23.5,,,,,,,,,,,,RDS_ESTIMADO,,,,,
2024-10-21,113.1,19.6,39.0,,6.6,65.1,26.8,21.2,0.0,0.0,0.0,113.1,,,,,,,,,361.0,,,,,,,,,,21.0,33.0,27.0,,,,,,,,,,,,RDS_ESTIMADO,,,,,
2024-10-22,120.2,20.5,39.3,,5.6,70.2,28.8,21.2,0.0,0.0,0.0,120.2,,,,,,,,,350.8,,,,,,,,,,20.0,27.0,23.5,,,,,,,,,,,,RDS_ESTIMADO,,,,,
2024-10-23,119.0,21.0,38.9,,6.300000000000001,69.3,28.5,21.2,0.0,0.0,0.0,119.0,,,,,,,,,341.2,,,,,,,,,,19.0,25.0,22.0,,,,,,,,,,,,RDS_ESTIMADO,,,,,
2024-10-24,115.4,24.0,36.7,,6.0,66.8,27.4,21.2,0.0,0.0,0.0,115.4,,,,,,,,,340.0,,,,,,,,,,17.0,20.0,18.5,,,,,,,,,,,,RDS_ESTIMADO,,,,,
2024-10-25,113.9,25.9,38.3,,5.1,65.7,27.0,21.2,0.0,0.0,0.0,113.9,,,,,,,,,341.5,,,,,,,,,,13.0,20.0,16.5,,,,,,,,,,,,RDS_ESTIMADO,,,,,
2024-10-26,104.1,20.1,38.4,,5.300000000000001,58.8,24.1,21.2,0.0,0.0,0.0,104.1,,,,,,,,,342.0,,,,,,,,,,8.0,24.0,16.0,,,,,,,,,,,,RDS_ESTIMADO,,,,,
2024-10-27,95.6,17.3,38.1,,5.6,52.7,21.7,21.2,0.0,0.0,0.0,95.6,,,,,,,,,344.8,,,,,,,,,,11.0,25.0,18.0,,,,,,,,,,,,RDS_ESTIMADO,,,,,
2024-10-28,116.4,18.6,39.8,,6.0,67.5,27.7,21.2,0.0,0.0,0.0,116.4,,,,,,,,,355.1,,,,,,,,,,17.0,27.0,22.0,,,,,,,,,,,,RDS_ESTIMADO,,,,,
2024-10-29,115.7,17.2,39.2,,6.1,67.0,27.5,21.2,0.0,0.0,0.0,115.7,,,,,,,,,350.9,,,,,,,,,,20.0,32.0,26.0,,,,,,,,,,,,RDS_ESTIMADO,,,,,
2024-10-30,117.1,17.4,38.5,,7.3,68.0,27.9,21.2,0.0,0.0,0.0,117.1,,,,,,,,,343.9,,,,,,,,,,21.0,31.0,26.0,,,,,,,,,,,,RDS_ESTIMADO,,,,,
2024-10-31,116.6,17.5,37.6,,7.1,67.6,27.8,21.2,0.0,0.0,0.0,116.6,,,,,,,,,340.9,,,,,,,,,,20.0,28.0,24.0,,,,,,,,,,,,RDS_ESTIMADO,,,,,
2024-11-01,118.6,16.5,38.3,,7.0,69.0,28.4,21.2,0.0,0.0,0.0,118.6,,,,,,,,,346.8,,,,,,,,,,22.0,31.0,26.5,,,,,,,,,,,,RDS_ESTIMADO,,,,,
2024-11-02,104.9,18.6,37.1,,7.0,59.3,24.4,21.2,0.0,0.0,0.0,104.9,,,,,,,,,344.5,,,,,,,,,,21.0,24.0,22.5,,,,,,,,,,,,RDS_ESTIMADO,,,,,
2024-11-03,98.2,17.3,37.1,,7.0,54.6,22.4,21.2,0.0,0.0,0.0,98.2,,,,,,,,,351.8,,,,,,,,,,14.0,24.0,19.0,,,,,,,,,,,,RDS_ESTIMADO,,,,,
2024-11-04,111.2,22.4,38.5,,7.0,63.8,26.2,21.2,0.0,0.0,0.0,111.2,,,,,,,,,362.5,,,,,,,,,,20.0,24.0,22.0,,,,,,,,,,,,RDS_ESTIMADO,,,,,
2024-11-05,104.6,19.6,38.2,,3.5999999999999996,59.1,24.3,21.2,0.0,0.0,0.0,104.6,,,,,,,,,358.6,,,,,,,,,,13.0,21.0,17.0,,,,,,,,,,,,RDS_ESTIMADO,,,,,
2024-11-06,108.3,22.7,36.4,,4.1,61.7,25.4,21.2,0.0,0.0,0.0,108.3,,,,,,,,,359.4,,,,,,,,,,15.0,26.0,20.5,,,,,,,,,,,,RDS_ESTIMADO,,,,,
2024-11-07,110.4,22.2,37.3,,4.3,63.2,26.0,21.2,0.0,0.0,0.0,110.4,,,,,,,,,352.0,,,,,,,,,,18.0,23.0,20.5,,,,,,,,,,,,RDS_ESTIMADO,,,,,
2024-11-08,115.1,21.0,37.8,,5.4,66.5,27.4,21.2,0.0,0.0,0.0,115.1,,,,,,,,,347.7,,,,,,,,,,13.0,25.0,19.0,,,,,,,,,,,,RDS_ESTIMADO,,,,,
2024-11-09,104.6,17.3,36.2,,5.1,59.1,24.3,21.2,0.0,0.0,0.0,104.6,,,,,,,,,339.0,,,,,,,,,,17.0,28.0,22.5,,,,,,,,,,,,RDS_ESTIMADO,,,,,
2024-11-10,104.8,17.0,35.9,,5.1,59.2,24.4,21.2,0.0,0.0,0.0,104.8,,,,,,,,,340.3,,,,,,,,,,19.0,30.0,24.5,,,,,,,,,,,,RDS_ESTIMADO,,,,,
2024-11-11,113.1,23.3,37.2,,5.3,65.1,26.8,21.2,0.0,0.0,0.0,113.1,,,,,,,,,344.4,,,,,,,,,,14.0,24.0,19.0,,,,,,,,,,,,RDS_ESTIMADO,,,,,
2024-11-12,110.4,21.2,37.1,,5.0,63.2,26.0,21.2,0.0,0.0,0.0,110.4,,,,,,,,,341.7,,,,,,,,,,11.0,27.0,19.0,,,,,,,,,,,,RDS_ESTIMADO,,,,,
2024-11-13,110.4,21.4,36.7,,5.0,63.2,26.0,21.2,0.0,0.0,0.0,110.4,,,,,,,,,340.9,,,,,,,,,,14.0,28.0,21.0,,,,,,,,,,,,RDS_ESTIMADO,,,,,
2024-11-14,106.2,18.6,35.6,,4.800000000000001,60.2,24.8,21.2,0.0,0.0,0.0,106.2,,,,,,,,,334.5,,,,,,,,,,18.0,30.0,24.0,,,,,,,,,,,,RDS_ESTIMADO,,,,,
2024-11-15,108.8,19.7,35.1,,4.6,62.1,25.5,21.2,0.0,0.0,0.0,108.8,,,,,,,,,342.2,,,,,,,,,,20.0,32.0,26.0,,,,,,,,,,,,RDS_ESTIMADO,,,,,
2024-11-16,103.7,16.8,34.9,,4.800000000000001,58.5,24.0,21.2,0.0,0.0,0.0,103.7,,,,,,,,,341.5,,,,,,,,,,23.0,34.0,28.5,,,,,,,,,,,,RDS_ESTIMADO,,,,,
2024-11-17,101.2,17.9,35.0,,4.800000000000001,56.7,23.3,21.2,0.0,0.0,0.0,101.2,,,,,,,,,345.3,,,,,,,,,,15.0,21.0,18.0,,,,,,,,,,,,RDS_ESTIMADO,,,,,
2024-11-18,103.7,20.9,35.8,,4.800000000000001,58.5,24.0,21.2,0.0,0.0,0.0,103.7,,,,,,,,,350.1,,,,,,,,,,12.0,23.0,17.5,,,,,,,,,,,,RDS_ESTIMADO,,,,,
2024-11-19,113.2,22.2,36.3,,4.800000000000001,65.2,26.8,21.2,0.0,0.0,0.0,113.2,,,,,,,,,346.6,,,,,,,,,,16.0,23.0,19.5,,,,,,,,,,,,RDS_ESTIMADO,,,,,
2024-11-20,109.9,19.2,37.2,,5.7,62.9,25.8,21.2,0.0,0.0,0.0,109.9,,,,,,,,,337.4,,,,,,,,,,18.0,25.0,21.5,,,,,,,,,,,,RDS_ESTIMADO,,,,,
2024-11-21,111.7,18.8,36.2,,5.1,64.1,26.4,21.2,0.0,0.0,0.0,111.7,,,,,,,,,332.5,,,,,,,,,,18.0,25.0,21.5,,,,,,,,,,,,RDS_ESTIMADO,,,,,
2024-11-22,109.8,16.7,36.8,,4.6,62.8,25.8,21.2,0.0,0.0,0.0,109.8,,,,,,,,,327.6,,,,,,,,,,18.0,27.0,22.5,,,,,,,,,,,,RDS_ESTIMADO,,,,,
2024-11-23,104.3,15.4,35.0,,4.1,58.9,24.2,21.2,0.0,0.0,0.0,104.3,,,,,,,,,325.3,,,,,,,,,,20.0,28.0,24.0,,,,,,,,,,,,RDS_ESTIMADO,,,,,
2024-11-24,105.1,14.2,34.7,,4.0,59.5,24.4,21.2,0.0,0.0,0.0,105.1,,,,,,,,,330.3,,,,,,,,,,21.0,32.0,26.5,,,,,,,,,,,,RDS_ESTIMADO,,,,,
2024-11-25,112.5,18.2,34.9,,4.5,64.7,26.6,21.2,0.0,0.0,0.0,112.5,,,,,,,,,333.8,,,,,,,,,,22.0,27.0,24.5,,,,,,,,,,,,RDS_ESTIMADO,,,,,
2024-11-26,117.5,19.3,36.6,,4.300000000000001,68.2,28.1,21.2,0.0,0.0,0.0,117.5,,,,,,,,,338.1,,,,,,,,,,21.0,27.0,24.0,,,,,,,,,,,,RDS_ESTIMADO,,,,,
2024-11-27,115.9,19.1,35.9,,6.7,67.1,27.6,21.2,0.0,0.0,0.0,115.9,,,,,,,,,338.8,,,,,,,,,,21.0,25.0,23.0,,,,,,,,,,,,RDS_ESTIMADO,,,,,
2024-11-28,116.2,21.9,36.6,,6.6,67.3,27.7,21.2,0.0,0.0,0.0,116.2,,,,,,,,,334.9,,,,,,,,,,17.0,26.0,21.5,,,,,,,,,,,,RDS_ESTIMADO,,,,,
2024-11-29,113.6,20.1,36.0,,5.699999999999999,65.5,26.9,21.2,0.0,0.0,0.0,113.6,,,,,,,,,334.4,,,,,,,,,,16.0,27.0,21.5,,,,,,,,,,,,RDS_ESTIMADO,,,,,
2024-11-30,100.5,15.9,35.2,,4.8,56.2,23.1,21.2,0.0,0.0,0.0,100.5,,,,,,,,,336.5,,,,,,,,,,17.0,26.0,21.5,,,,,,,,,,,,RDS_ESTIMADO,,,,,
2024-12-01,93.4,16.8,34.9,,4.8,51.2,21.0,21.2,0.0,0.0,0.0,93.4,,,,,,,,,345.3,,,,,,,,,,18.0,21.0,19.5,,,,,,,,,,,,RDS_ESTIMADO,,,,,
2024-12-02,108.5,22.1,36.2,,5.3,61.9,25.4,21.2,0.0,0.0,0.0,108.5,,,,,,,,,353.1,,,,,,,,,,13.0,23.0,18.0,,,,,,,,,,,,RDS_ESTIMADO,,,,,
2024-12-03,104.1,19.8,36.6,,5.4,58.8,24.1,21.2,0.0,0.0,0.0,104.1,,,,,,,,,350.5,,,,,,,,,,10.0,24.0,17.0,,,,,,,,,,,,RDS_ESTIMADO,,,,,
2024-12-04,104.5,20.1,36.5,,5.4,59.0,24.3,21.2,0.0,0.0,0.0,104.5,,,,,,,,,351.9,,,,,,,,,,16.0,27.0,21.5,,,,,,,,,,,,RDS_ESTIMADO,,,,,
2024-12-05,108.0,20.5,36.2,,5.4,61.5,25.3,21.2,0.0,0.0,0.0,108.0,,,,,,,,,344.3,,,,,,,,,,19.0,32.0,25.5,,,,,,,,,,,,RDS_ESTIMADO,,,,,
2024-12-06,105.3,20.0,36.6,,5.8,59.6,24.5,21.2,0.0,0.0,0.0,105.3,,,,,,,,,336.9,,,,,,,,,,16.0,29.0,22.5,,,,,,,,,,,,RDS_ESTIMADO,,,,,
2024-12-07,98.7,19.4,35.9,,5.2,54.9,22.6,21.2,0.0,0.0,0.0,98.7,,,,,,,,,331.5,,,,,,,,,,15.0,23.0,19.0,,,,,,,,,,,,RDS_ESTIMADO,,,,,
2024-12-08,89.0,17.5,35.4,,5.0,48.0,19.8,21.2,0.0,0.0,0.0,89.0,,,,,,,,,337.8,,,,,,,,,,11.0,23.0,17.0,,,,,,,,,,,,RDS_ESTIMADO,,,,,
2024-12-09,101.5,19.9,36.8,,4.9,56.9,23.4,21.2,0.0,0.0,0.0,101.5,,,,,,,,,350.9,,,,,,,,,,14.0,26.0,20.0,,,,,,,,,,,,RDS_ESTIMADO,,,,,
2024-12-10,103.5,18.2,36.6,,4.8,58.3,24.0,21.2,0.0,0.0,0.0,103.5,,,,,,,,,350.7,,,,,,,,,,17.0,30.0,23.5,,,,,,,,,,,,RDS_ESTIMADO,,,,,
2024-12-11,108.3,17.5,37.1,,5.1,61.7,25.4,21.2,0.0,0.0,0.0,108.3,,,,,,,,,344.3,,,,,,,,,,19.0,30.0,24.5,,,,,,,,,,,,RDS_ESTIMADO,,,,,
2024-12-12,115.2,15.8,35.7,,6.5,66.6,27.4,21.2,0.0,0.0,0.0,115.2,,,,,,,,,335.3,,,,,,,,,,21.0,32.0,26.5,,,,,,,,,,,,RDS_ESTIMADO,,,,,
2024-12-13,110.0,17.1,35.6,,5.8,62.9,25.9,21.2,0.0,0.0,0.0,110.0,,,,,,,,,326.6,,,,,,,,,,20.0,27.0,23.5,,,,,,,,,,,,RDS_ESTIMADO,,,,,
2024-12-14,102.6,16.5,35.0,,4.9,57.7,23.7,21.2,0.0,0.0,0.0,102.6,,,,,,,,,327.4,,,,,,,,,,19.0,28.0,23.5,,,,,,,,,,,,RDS_ESTIMADO,,,,,
2024-12-15,96.7,15.7,34.6,,4.9,53.5,22.0,21.2,0.0,0.0,0.0,96.7,,,,,,,,,332.0,,,,,,,,,,18.0,26.0,22.0,,,,,,,,,,,,RDS_ESTIMADO,,,,,
2024-12-16,111.9,19.5,35.9,,5.1,64.3,26.4,21.2,0.0,0.0,0.0,111.9,,,,,,,,,346.1,,,,,,,,,,15.0,28.0,21.5,,,,,,,,,,,,RDS_ESTIMADO,,,,,
2024-12-17,108.9,19.0,35.5,,6.1,62.2,25.5,21.2,0.0,0.0,0.0,108.9,,,,,,,,,342.7,,,,,,,,,,19.0,28.0,23.5,,,,,,,,,,,,RDS_ESTIMADO,,,,,
2024-12-18,108.3,16.1,35.4,,5.2,61.7,25.4,21.2,0.0,0.0,0.0,108.3,,,,,,,,,344.8,,,,,,,,,,21.0,29.0,25.0,,,,,,,,,,,,RDS_ESTIMADO,,,,,
2024-12-19,110.7,16.7,35.6,,5.7,63.4,26.1,21.2,0.0,0.0,0.0,110.7,,,,,,,,,344.9,,,,,,,,,,20.0,28.0,24.0,,,,,,,,,,,,RDS_ESTIMADO,,,,,
2024-12-20,109.9,18.2,34.9,,5.4,62.9,25.8,21.2,0.0,0.0,0.0,109.9,,,,,,,,,343.3,,,,,,,,,,21.0,31.0,26.0,,,,,,,,,,,,RDS_ESTIMADO,,,,,
2024-12-21,102.3,19.3,33.9,,5.1,57.5,23.6,21.2,0.0,0.0,0.0,102.3,,,,,,,,,337.4,,,,,,,,,,16.0,24.0,20.0,,,,,,,,,,,,RDS_ESTIMADO,,,,,
2024-12-22,92.8,16.5,33.1,,4.4,50.7,20.9,21.2,0.0,0.0,0.0,92.8,,,,,,,,,345.4,,,,,,,,,,16.0,29.0,22.5,,,,,,,,,,,,RDS_ESTIMADO,,,,,
2024-12-23,103.9,19.3,33.6,,5.1,58.6,24.1,21.2,0.0,0.0,0.0,103.9,,,,,,,,,351.4,,,,,,,,,,19.0,32.0,25.5,,,,,,,,,,,,RDS_ESTIMADO,,,,,
2024-12-24,92.6,16.0,33.2,,4.6,50.6,20.8,21.2,0.0,0.0,0.0,92.6,,,,,,,,,348.8,,,,,,,,,,19.0,28.0,23.5,,,,,,,,,,,,RDS_ESTIMADO,,,,,
2024-12-25,84.4,15.8,32.3,,4.6,44.8,18.4,21.2,0.0,0.0,0.0,84.4,,,,,,,,,356.9,,,,,,,,,,16.0,25.0,20.5,,,,,,,,,,,,RDS_ESTIMADO,,,,,
2024-12-26,99.3,17.8,34.3,,5.800000000000001,55.3,22.8,21.2,0.0,0.0,0.0,99.3,,,,,,,,,361.3,,,,,,,,,,15.0,25.0,20.0,,,,,,,,,,,,RDS_ESTIMADO,,,,,
2024-12-27,99.2,15.5,33.7,,6.2,55.3,22.7,21.2,0.0,0.0,0.0,99.2,,,,,,,,,355.9,,,,,,,,,,16.0,28.0,22.0,,,,,,,,,,,,RDS_ESTIMADO,,,,,
2024-12-28,96.6,14.4,32.3,,5.4,53.4,22.0,21.2,0.0,0.0,0.0,96.6,,,,,,,,,353.6,,,,,,,,,,18.0,29.0,23.5,,,,,,,,,,,,RDS_ESTIMADO,,,,,
2024-12-29,94.3,13.2,31.8,,5.1,51.8,21.3,21.2,0.0,0.0,0.0,94.3,,,,,,,,,349.9,,,,,,,,,,18.0,27.0,22.5,,,,,,,,,,,,RDS_ESTIMADO,,,,,
2024-12-30,101.7,14.8,32.7,,5.1,57.0,23.5,21.2,0.0,0.0,0.0,101.7,,,,,,,,,345.1,,,,,,,,,,20.0,28.0,24.0,,,,,,,,,,,,RDS_ESTIMADO,,,,,
2024-12-31,99.9,15.1,31.7,,5.9,55.8,22.9,21.2,0.0,0.0,0.0,99.9,,,,,,,,,339.6,,,,,,,,,,21.0,31.0,26.0,,,,,,,,,,,,RDS_ESTIMADO,,,,,
2025-01-01,95.7,12.9,30.7,,4.9,52.8,21.7,21.2,0.0,0.0,0.0,95.7,,,,,,,,,340.9,,,,,,,,,,22.0,31.0,26.5,,,,,,,,,,,,RDS_ESTIMADO,,,,,
2025-01-02,113.2,15.2,32.9,,6.9,65.2,26.8,21.2,0.0,0.0,0.0,113.2,,,,,,,,,349.0,,,,,,,,,,19.0,32.0,25.5,,,,,,,,,,,,RDS_ESTIMADO,,,,,
2025-01-03,109.7,13.2,32.6,,5.300000000000001,62.7,25.8,21.2,0.0,0.0,0.0,109.7,,,,,,,,,349.7,,,,,,,,,,16.0,29.0,22.5,,,,,,,,,,,,RDS_ESTIMADO,,,,,
2025-01-04,104.0,11.5,33.0,,5.1,58.7,24.1,21.2,0.0,0.0,0.0,104.0,,,,,,,,,350.8,,,,,,,,,,17.0,28.0,22.5,,,,,,,,,,,,RDS_ESTIMADO,,,,,
2025-01-05,98.7,10.3,32.0,,5.1,54.9,22.6,21.2,0.0,0.0,0.0,98.7,,,,,,,,,350.5,,,,,,,,,,18.0,28.0,23.0,,,,,,,,,,,,RDS_ESTIMADO,,,,,
2025-01-06,110.3,12.4,33.6,,5.6,63.1,26.0,21.2,0.0,0.0,0.0,110.3,,,,,,,,,356.9,,,,,,,,,,19.0,28.0,23.5,,,,,,,,,,,,RDS_ESTIMADO,,,,,
2025-01-07,114.6,12.6,34.7,,6.4,66.2,27.2,21.2,0.0,0.0,0.0,114.6,,,,,,,,,352.8,,,,,,,,,,20.0,30.0,25.0,,,,,,,,,,,,RDS_ESTIMADO,,,,,
2025-01-08,113.7,12.4,34.7,,8.1,65.6,26.9,21.2,0.0,0.0,0.0,113.7,,,,,,,,,346.0,,,,,,,,,,21.0,30.0,25.5,,,,,,,,,,,,RDS_ESTIMADO,,,,,
2025-01-09,116.3,12.7,36.4,,8.1,67.4,27.7,21.2,0.0,0.0,0.0,116.3,,,,,,,,,344.3,,,,,,,,,,22.0,32.0,27.0,,,,,,,,,,,,RDS_ESTIMADO,,,,,
2025-01-10,117.1,13.3,35.6,,8.1,68.0,27.9,21.2,0.0,0.0,0.0,117.1,,,,,,,,,344.9,,,,,,,,,,23.0,31.0,27.0,,,,,,,,,,,,RDS_ESTIMADO,,,,,
2025-01-11,113.1,12.1,35.7,,6.1,65.1,26.8,21.2,0.0,0.0,0.0,113.1,,,,,,,,,345.7,,,,,,,,,,21.0,29.0,25.0,,,,,,,,,,,,RDS_ESTIMADO,,,,,
2025-01-12,107.8,11.3,34.7,,6.1,61.4,25.2,21.2,0.0,0.0,0.0,107.8,,,,,,,,,347.3,,,,,,,,,,21.0,30.0,25.5,,,,,,,,,,,,RDS_ESTIMADO,,,,,
2025-01-13,120.8,12.6,36.5,,8.1,70.6,29.0,21.2,0.0,0.0,0.0,120.8,,,,,,,,,346.7,,,,,,,,,,23.0,32.0,27.5,,,,,,,,,,,,RDS_ESTIMADO,,,,,
2025-01-14,121.6,15.0,33.8,,7.1,71.2,29.2,21.2,0.0,0.0,0.0,121.6,,,,,,,,,345.9,,,,,,,,,,23.0,32.0,27.5,,,,,,,,,,,,RDS_ESTIMADO,,,,,
2025-01-15,125.6,13.0,36.0,,8.1,74.0,30.4,21.2,0.0,0.0,0.0,125.6,,,,,,,,,343.5,,,,,,,,,,24.0,34.0,29.0,,,,,,,,,,,,RDS_ESTIMADO,,,,,
2025-01-16,127.8,13.7,35.4,,8.1,75.5,31.1,21.2,0.0,0.0,0.0,127.8,,,,,,,,,339.3,,,,,,,,,,25.0,36.0,30.5,,,,,,,,,,,,RDS_ESTIMADO,,,,,
2025-01-17,131.1,13.8,36.2,,8.5,77.9,32.0,21.2,0.0,0.0,0.0,131.1,,,,,,,,,333.3,,,,,,,,,,24.0,32.0,28.0,,,,,,,,,,,,RDS_ESTIMADO,,,,,
2025-01-18,114.9,12.0,35.4,,7.4,66.4,27.3,21.2,0.0,0.0,0.0,114.9,,,,,,,,,328.9,,,,,,,,,,22.0,28.0,25.0,,,,,,,,,,,,RDS_ESTIMADO,,,,,
2025-01-19,110.3,11.7,34.9,,7.4,63.1,26.0,21.2,0.0,0.0,0.0,110.3,,,,,,,,,333.7,,,,,,,,,,22.0,26.0,24.0,,,,,,,,,,,,RDS_ESTIMADO,,,,,
2025-01-20,116.6,14.2,35.9,,8.1,67.6,27.8,21.2,0.0,0.0,0.0,116.6,,,,,,,,,348.6,,,,,,,,,,19.0,27.0,23.0,,,,,,,,,,,,RDS_ESTIMADO,,,,,
2025-01-21,116.6,16.8,35.0,,8.5,67.6,27.8,21.2,0.0,0.0,0.0,116.6,,,,,,,,,354.1,,,,,,,,,,20.0,29.0,24.5,,,,,,,,,,,,RDS_ESTIMADO,,,,,
2025-01-22,127.1,16.0,35.9,,8.7,75.1,30.8,21.2,0.0,0.0,0.0,127.1,,,,,,,,,357.8,,,,,,,,,,23.0,32.0,27.5,,,,,,,,,,,,RDS_ESTIMADO,,,,,
2025-01-23,129.4,14.5,36.1,,9.8,76.7,31.5,21.2,0.0,0.0,0.0,129.4,,,,,,,,,350.5,,,,,,,,,,23.0,36.0,29.5,,,,,,,,,,,,RDS_ESTIMADO,,,,,
2025-01-24,126.2,14.0,36.1,,9.2,74.4,30.6,21.2,0.0,0.0,0.0,126.2,,,,,,,,,343.5,,,,,,,,,,25.0,33.0,29.0,,,,,,,,,,,,RDS_ESTIMADO,,,,,
2025-01-25,119.7,12.2,35.0,,9.3,69.8,28.7,21.2,0.0,0.0,0.0,119.7,,,,,,,,,334.1,,,,,,,,,,21.0,31.0,26.0,,,,,,,,,,,,RDS_ESTIMADO,,,,,
2025-01-26,107.9,11.2,34.3,,8.4,61.4,25.3,21.2,0.0,0.0,0.0,107.9,,,,,,,,,336.9,,,,,,,,,,20.0,31.0,25.5,,,,,,,,,,,,RDS_ESTIMADO,,,,,
2025-01-27,122.1,15.6,35.6,,8.3,71.5,29.4,21.2,0.0,0.0,0.0,122.1,,,,,,,,,350.7,,,,,,,,,,22.0,31.0,26.5,,,,,,,,,,,,RDS_ESTIMADO,,,,,
2025-01-28,126.5,14.2,36.1,,9.3,74.6,30.7,21.2,0.0,0.0,0.0,126.5,,,,,,,,,345.0,,,,,,,,,,22.0,30.0,26.0,,,,,,,,,,,,RDS_ESTIMADO,,,,,
2025-01-29,128.0,16.0,36.0,,9.5,75.7,31.1,21.2,0.0,0.0,0.0,128.0,,,,,,,,,342.6,,,,,,,,,,21.0,30.0,25.5,,,,,,,,,,,,RDS_ESTIMADO,,,,,
2025-01-31,124.7,13.3,35.6,,9.5,73.3,30.2,21.2,0.0,0.0,0.0,124.7,,,,,,,,,340.9,,,,,,,,,,23.0,32.0,27.5,,,,,,,,,,,,RDS_ESTIMADO,,,,,
2025-02-01,117.3,12.3,34.6,,8.899999999999999,68.1,28.0,21.2,0.0,0.0,0.0,117.3,,,,,,,,,336.5,,,,,,,,,,23.0,33.0,28.0,,,,,,,,,,,,RDS_ESTIMADO,,,,,
2025-02-02,115.5,11.4,33.8,,8.8,66.8,27.5,21.2,0.0,0.0,0.0,115.5,,,,,,,,,342.2,,,,,,,,,,25.0,35.0,30.0,,,,,,,,,,,,RDS_ESTIMADO,,,,,
2025-02-03,136.5,14.5,35.2,,8.8,81.7,33.6,21.2,0.0,0.0,0.0,136.5,,,,,,,,,343.4,,,,,,,,,,26.0,38.0,32.0,,,,,,,,,,,,RDS_ESTIMADO,,,,,
2025-02-04,130.9,14.9,34.8,,9.2,77.7,32.0,21.2,0.0,0.0,0.0,130.9,,,,,,,,,334.9,,,,,,,,,,26.0,31.0,28.5,,,,,,,,,,,,RDS_ESTIMADO,,,,,
2025-02-05,121.1,14.7,35.3,,9.1,70.8,29.1,21.2,0.0,0.0,0.0,121.1,,,,,,,,,332.0,,,,,,,,,,23.0,25.0,24.0,,,,,,,,,,,,RDS_ESTIMADO,,,,,
2025-02-06,119.2,16.2,32.9,,9.1,69.5,28.5,21.2,0.0,0.0,0.0,119.2,,,,,,,,,326.0,,,,,,,,,,18.0,29.0,23.5,,,,,,,,,,,,RDS_ESTIMADO,,,,,
2025-02-07,121.1,15.6,34.8,,9.2,70.8,29.1,21.2,0.0,0.0,0.0,121.1,,,,,,,,,326.9,,,,,,,,,,21.0,31.0,26.0,,,,,,,,,,,,RDS_ESTIMADO,,,,,
2025-02-08,116.3,14.4,33.6,,8.2,67.4,27.7,21.2,0.0,0.0,0.0,116.3,,,,,,,,,324.3,,,,,,,,,,24.0,35.0,29.5,,,,,,,,,,,,RDS_ESTIMADO,,,,,
2025-02-09,116.4,13.6,33.2,,7.6,67.5,27.7,21.2,0.0,0.0,0.0,116.4,,,,,,,,,329.1,,,,,,,,,,21.0,29.0,25.0,,,,,,,,,,,,RDS_ESTIMADO,,,,,
2025-02-10,133.4,15.6,35.8,,9.4,79.5,32.7,21.2,0.0,0.0,0.0,133.4,,,,,,,,,336.8,,,,,,,,,,24.0,38.0,31.0,,,,,,,,,,,,RDS_ESTIMADO,,,,,
2025-02-11,133.4,18.0,35.6,,10.0,79.5,32.7,21.2,0.0,0.0,0.0,133.4,,,,,,,,,331.9,,,,,,,,,,16.0,26.0,21.0,,,,,,,,,,,,RDS_ESTIMADO,,,,,
2025-02-12,124.5,17.9,35.6,,10.2,73.2,30.1,21.2,0.0,0.0,0.0,124.5,,,,,,,,,326.9,,,,,,,,,,20.0,26.0,23.0,,,,,,,,,,,,RDS_ESTIMADO,,,,,
2025-02-13,124.9,18.3,34.4,,9.5,73.5,30.2,21.2,0.0,0.0,0.0,124.9,,,,,,,,,327.8,,,,,,,,,,20.0,28.0,24.0,,,,,,,,,,,,RDS_ESTIMADO,,,,,
2025-02-14,123.9,17.3,35.6,,9.3,72.8,29.9,21.2,0.0,0.0,0.0,123.9,,,,,,,,,327.6,,,,,,,,,,22.0,28.0,25.0,,,,,,,,,,,,RDS_ESTIMADO,,,,,
2025-02-15,122.3,15.0,35.3,,9.1,71.6,29.5,21.2,0.0,0.0,0.0,122.3,,,,,,,,,326.8,,,,,,,,,,21.0,26.0,23.5,,,,,,,,,,,,RDS_ESTIMADO,,,,,
2025-02-16,109.6,14.1,34.9,,8.1,62.6,25.8,21.2,0.0,0.0,0.0,109.6,,,,,,,,,336.1,,,,,,,,,,22.0,31.0,26.5,,,,,,,,,,,,RDS_ESTIMADO,,,,,
2025-02-17,123.8,17.1,34.4,,8.1,72.7,29.9,21.2,0.0,0.0,0.0,123.8,,,,,,,,,350.7,,,,,,,,,,20.0,30.0,25.0,,,,,,,,,,,,RDS_ESTIMADO,,,,,
2025-02-18,112.1,18.0,33.4,,4.7,64.4,26.5,21.2,0.0,0.0,0.0,112.1,,,,,,,,,352.5,,,,,,,,,,12.0,23.0,17.5,,,,,,,,,,,,RDS_ESTIMADO,,,,,
2025-02-19,118.2,16.7,34.4,,10.2,68.7,28.3,21.2,0.0,0.0,0.0,118.2,,,,,,,,,356.1,,,,,,,,,,15.0,29.0,22.0,,,,,,,,,,,,RDS_ESTIMADO,,,,,
2025-02-20,118.8,16.7,34.8,,10.2,69.2,28.4,21.2,0.0,0.0,0.0,118.8,,,,,,,,,353.6,,,,,,,,,,21.0,32.0,26.5,,,,,,,,,,,,RDS_ESTIMADO,,,,,
2025-02-21,128.4,16.4,35.2,,7.0,76.0,31.2,21.2,0.0,0.0,0.0,128.4,,,,,,,,,344.7,,,,,,,,,,26.0,34.0,30.0,,,,,,,,,,,,RDS_ESTIMADO,,,,,
2025-02-22,124.1,13.9,34.1,,9.5,72.9,30.0,21.2,0.0,0.0,0.0,124.1,,,,,,,,,334.0,,,,,,,,,,24.0,33.0,28.5,,,,,,,,,,,,RDS_ESTIMADO,,,,,
2025-02-23,121.6,13.4,33.6,,9.5,71.2,29.2,21.2,0.0,0.0,0.0,121.6,,,,,,,,,337.3,,,,,,,,,,25.0,34.0,29.5,,,,,,,,,,,,RDS_ESTIMADO,,,,,
2025-02-24,137.6,17.0,35.0,,9.5,82.5,33.9,21.2,0.0,0.0,0.0,137.6,,,,,,,,,340.1,,,,,,,,,,26.0,30.0,28.0,,,,,,,,,,,,RDS_ESTIMADO,,,,,
2025-02-25,132.4,16.8,35.6,,10.0,78.8,32.4,21.2,0.0,0.0,0.0,132.4,,,,,,,,,337.4,,,,,,,,,,22.0,28.0,25.0,,,,,,,,,,,,RDS_ESTIMADO,,,,,
2025-02-26,128.5,18.9,35.4,,10.1,76.0,31.3,21.2,0.0,0.0,0.0,128.5,,,,,,,,,337.6,,,,,,,,,,21.0,26.0,23.5,,,,,,,,,,,,RDS_ESTIMADO,,,,,
2025-02-27,126.9,18.0,35.4,,6.5,74.9,30.8,21.2,0.0,0.0,0.0,126.9,,,,,,,,,334.4,,,,,,,,,,22.0,26.0,24.0,,,,,,,,,,,,RDS_ESTIMADO,,,,,
2025-02-28,128.7,17.4,34.3,,10.0,76.2,31.3,21.2,0.0,0.0,0.0,128.7,,,,,,,,,329.3,,,,,,,,,,24.0,28.0,26.0,,,,,,,,,,,,RDS_ESTIMADO,,,,,
2025-03-01,123.9,14.6,33.4,,11.0,72.8,29.9,21.2,0.0,0.0,0.0,123.9,,,,,,,,,323.2,,,,,,,,,,23.0,29.0,26.0,,,,,,,,,,,,RDS_ESTIMADO,,,,,
2025-03-03,115.4,14.9,34.8,,10.0,66.8,27.4,21.2,0.0,0.0,0.0,115.4,,,,,,,,,339.0,,,,,,,,,,22.0,27.0,24.5,,,,,,,,,,,,RDS_ESTIMADO,,,,,
2025-03-04,114.2,14.1,35.1,,9.5,65.9,27.1,21.2,0.0,0.0,0.0,114.2,,,,,,,,,344.0,,,,,,,,,,21.0,30.0,25.5,,,,,,,,,,,,RDS_ESTIMADO,,,,,
2025-03-05,135.8,16.0,35.8,,9.5,81.2,33.4,21.2,0.0,0.0,0.0,135.8,,,,,,,,,341.9,,,,,,,,,,25.0,33.0,29.0,,,,,,,,,,,,RDS_ESTIMADO,,,,,
2025-03-06,137.8,17.3,35.0,,9.5,82.6,34.0,21.2,0.0,0.0,0.0,137.8,,,,,,,,,331.8,,,,,,,,,,25.0,35.0,30.0,,,,,,,,,,,,RDS_ESTIMADO,,,,,
2025-03-07,135.3,17.5,35.2,,6.0,80.9,33.2,21.2,0.0,0.0,0.0,135.3,,,,,,,,,321.9,,,,,,,,,,27.0,35.0,31.0,,,,,,,,,,,,RDS_ESTIMADO,,,,,
2025-03-08,112.0,19.0,31.7,,7.0,64.3,26.5,21.2,0.0,0.0,0.0,112.0,,,,,,,,,333.3,,,,,,,,,,19.0,24.0,21.5,,,,,,,,,,,,RDS_ESTIMADO,,,,,
2025-03-09,103.4,19.8,33.7,,10.0,58.3,23.9,21.2,0.0,0.0,0.0,103.4,,,,,,,,,351.0,,,,,,,,,,14.0,21.0,17.5,,,,,,,,,,,,RDS_ESTIMADO,,,,,
2025-03-10,107.4,23.3,35.0,,5.5,61.1,25.1,21.2,0.0,0.0,0.0,107.4,,,,,,,,,369.4,,,,,,,,,,15.0,23.0,19.0,,,,,,,,,,,,RDS_ESTIMADO,,,,,
2025-03-11,105.6,21.5,29.7,,6.5,59.8,24.6,21.2,0.0,0.0,0.0,105.6,,,,,,,,,373.1,,,,,,,,,,18.0,22.0,20.0,,,,,,,,,,,,RDS_ESTIMADO,,,,,
2025-03-12,108.5,22.8,28.7,,8.5,61.9,25.4,21.2,0.0,0.0,0.0,108.5,,,,,,,,,369.9,,,,,,,,,,15.0,20.0,17.5,,,,,,,,,,,,RDS_ESTIMADO,,,,,
2025-03-13,105.7,21.3,30.8,,7.5,59.9,24.6,21.2,0.0,0.0,0.0,105.7,,,,,,,,,361.0,,,,,,,,,,13.0,22.0,17.5,,,,,,,,,,,,RDS_ESTIMADO,,,,,
2025-03-14,106.3,20.8,30.5,,8.5,60.3,24.8,21.2,0.0,0.0,0.0,106.3,,,,,,,,,364.3,,,,,,,,,,13.0,23.0,18.0,,,,,,,,,,,,RDS_ESTIMADO,,,,,
2025-03-15,99.2,18.1,31.3,,10.0,55.3,22.7,21.2,0.0,0.0,0.0,99.2,,,,,,,,,360.8,,,,,,,,,,14.0,24.0,19.0,,,,,,,,,,,,RDS_ESTIMADO,,,,,
2025-03-16,94.6,15.7,29.5,,10.0,52.0,21.4,21.2,0.0,0.0,0.0,94.6,,,,,,,,,367.1,,,,,,,,,,19.0,25.0,22.0,,,,,,,,,,,,RDS_ESTIMADO,,,,,
2025-03-17,106.1,17.6,30.4,,10.0,60.2,24.7,21.2,0.0,0.0,0.0,106.1,,,,,,,,,376.1,,,,,,,,,,20.0,28.0,24.0,,,,,,,,,,,,RDS_ESTIMADO,,,,,
2025-03-18,111.2,19.6,29.8,,9.0,63.8,26.2,21.2,0.0,0.0,0.0,111.2,,,,,,,,,375.1,,,,,,,,,,19.0,30.0,24.5,,,,,,,,,,,,RDS_ESTIMADO,,,,,
2025-03-19,117.4,17.8,30.2,,10.0,68.2,28.0,21.2,0.0,0.0,0.0,117.4,,,,,,,,,367.1,,,,,,,,,,20.0,30.0,25.0,,,,,,,,,,,,RDS_ESTIMADO,,,,,
2025-03-20,117.8,17.1,30.7,,10.5,68.5,28.1,21.2,0.0,0.0,0.0,117.8,,,,,,,,,358.6,,,,,,,,,,22.0,33.0,27.5,,,,,,,,,,,,RDS_ESTIMADO,,,,,
2025-03-21,117.8,17.7,31.0,,10.0,68.5,28.1,21.2,0.0,0.0,0.0,117.8,,,,,,,,,354.1,,,,,,,,,,23.0,32.0,27.5,,,,,,,,,,,,RDS_ESTIMADO,,,,,
2025-03-22,111.2,16.3,29.8,,10.0,63.8,26.2,21.2,0.0,0.0,0.0,111.2,,,,,,,,,347.7,,,,,,,,,,23.0,28.0,25.5,,,,,,,,,,,,RDS_ESTIMADO,,,,,
2025-03-23,95.8,17.9,29.6,,10.0,52.9,21.7,21.2,0.0,0.0,0.0,95.8,,,,,,,,,352.2,,,,,,,,,,19.0,24.0,21.5,,,,,,,,,,,,RDS_ESTIMADO,,,,,
2025-03-24,102.7,20.3,29.8,,10.0,57.8,23.7,21.2,0.0,0.0,0.0,102.7,,,,,,,,,363.8,,,,,,,,,,18.0,23.0,20.5,,,,,,,,,,,,RDS_ESTIMADO,,,,,
2025-03-25,112.3,24.0,28.5,,10.0,64.6,26.5,21.2,0.0,0.0,0.0,112.3,,,,,,,,,362.8,,,,,,,,,,17.0,26.0,21.5,,,,,,,,,,,,RDS_ESTIMADO,,,,,
2025-03-26,112.8,24.6,29.8,,10.5,64.9,26.7,21.2,0.0,0.0,0.0,112.8,,,,,,,,,358.6,,,,,,,,,,17.0,26.0,21.5,,,,,,,,,,,,RDS_ESTIMADO,,,,,
2025-03-27,113.8,22.1,30.8,,11.0,65.6,27.0,21.2,0.0,0.0,0.0,113.8,,,,,,,,,361.0,,,,,,,,,,20.0,27.0,23.5,,,,,,,,,,,,RDS_ESTIMADO,,,,,
2025-03-28,114.1,21.1,30.8,,11.0,65.8,27.1,21.2,0.0,0.0,0.0,114.1,,,,,,,,,354.9,,,,,,,,,,19.0,26.0,22.5,,,,,,,,,,,,RDS_ESTIMADO,,,,,
2025-03-29,100.4,17.9,29.6,,11.0,56.1,23.1,21.2,0.0,0.0,0.0,100.4,,,,,,,,,352.8,,,,,,,,,,16.0,26.0,21.0,,,,,,,,,,,,RDS_ESTIMADO,,,,,
2025-03-30,95.0,18.1,29.1,,10.0,52.3,21.5,21.2,0.0,0.0,0.0,95.0,,,,,,,,,360.8,,,,,,,,,,20.0,30.0,25.0,,,,,,,,,,,,RDS_ESTIMADO,,,,,
2025-03-31,111.8,25.6,30.4,,10.0,64.2,26.4,21.2,0.0,0.0,0.0,111.8,,,,,,,,,369.8,,,,,,,,,,13.0,21.0,17.0,,,,,,,,,,,,RDS_ESTIMADO,,,,,
2025-04-01,107.6,26.5,30.3,,10.5,61.2,25.2,21.2,0.0,0.0,0.0,107.6,,,,,,,,,370.2,,,,,,,,,,12.0,22.0,17.0,,,,,,,,,,,,RDS_ESTIMADO,,,,,
2025-04-02,102.5,26.6,29.9,,9.5,57.6,23.7,21.2,0.0,0.0,0.0,102.5,,,,,,,,,367.1,,,,,,,,,,13.0,24.0,18.5,,,,,,,,,,,,RDS_ESTIMADO,,,,,
2025-04-03,112.0,31.9,30.9,,9.5,64.3,26.5,21.2,0.0,0.0,0.0,112.0,,,,,,,,,370.0,,,,,,,,,,15.0,24.0,19.5,,,,,,,,,,,,RDS_ESTIMADO,,,,,
2025-04-04,118.6,32.1,30.7,,11.4,69.0,28.4,21.2,0.0,0.0,0.0,118.6,,,,,,,,,361.0,,,,,,,,,,7.0,17.0,12.0,,,,,,,,,,,,RDS_ESTIMADO,,,,,
2025-04-05,111.5,31.1,29.1,,11.2,64.0,26.3,21.2,0.0,0.0,0.0,111.5,,,,,,,,,351.6,,,,,,,,,,10.0,19.0,14.5,,,,,,,,,,,,RDS_ESTIMADO,,,,,
2025-04-06,98.6,25.8,28.8,,10.1,54.9,22.5,21.2,0.0,0.0,0.0,98.6,,,,,,,,,343.2,,,,,,,,,,15.0,22.0,18.5,,,,,,,,,,,,RDS_ESTIMADO,,,,,
2025-04-07,105.7,27.3,29.9,,6.199999999999999,59.9,24.6,21.2,0.0,0.0,0.0,105.7,,,,,,,,,352.4,,,,,,,,,,16.0,20.0,18.0,,,,,,,,,,,,RDS_ESTIMADO,,,,,
2025-04-08,108.2,28.9,30.1,,6.9,61.7,25.3,21.2,0.0,0.0,0.0,108.2,,,,,,,,,351.8,,,,,,,,,,17.0,20.0,18.5,,,,,,,,,,,,RDS_ESTIMADO,,,,,
2025-04-09,108.2,28.0,31.2,,6.8,61.7,25.3,21.2,0.0,0.0,0.0,108.2,,,,,,,,,351.2,,,,,,,,,,16.0,21.0,18.5,,,,,,,,,,,,RDS_ESTIMADO,,,,,
2025-04-10,106.6,26.7,30.5,,8.2,60.5,24.9,21.2,0.0,0.0,0.0,106.6,,,,,,,,,349.2,,,,,,,,,,18.0,24.0,21.0,,,,,,,,,,,,RDS_ESTIMADO,,,,,
2025-04-11,111.0,28.0,30.8,,8.7,63.6,26.2,21.2,0.0,0.0,0.0,111.0,,,,,,,,,352.6,,,,,,,,,,19.0,24.0,21.5,,,,,,,,,,,,RDS_ESTIMADO,,,,,
2025-04-12,106.3,27.2,29.7,,11.0,60.3,24.8,21.2,0.0,0.0,0.0,106.3,,,,,,,,,357.1,,,,,,,,,,18.0,24.0,21.0,,,,,,,,,,,,RDS_ESTIMADO,,,,,
2025-04-13,105.5,28.1,29.5,,11.0,59.7,24.6,21.2,0.0,0.0,0.0,105.5,,,,,,,,,363.6,,,,,,,,,,11.0,22.0,16.5,,,,,,,,,,,,RDS_ESTIMADO,,,,,
2025-04-14,113.3,35.3,30.5,,5.0,65.3,26.8,21.2,0.0,0.0,0.0,113.3,,,,,,,,,370.3,,,,,,,,,,11.0,21.0,16.0,,,,,,,,,,,,RDS_ESTIMADO,,,,,
2025-04-15,113.9,33.0,30.8,,6.6,65.7,27.0,21.2,0.0,0.0,0.0,113.9,,,,,,,,,357.4,,,,,,,,,,16.0,23.0,19.5,,,,,,,,,,,,RDS_ESTIMADO,,,,,
2025-04-16,114.6,33.9,30.5,,5.5,66.2,27.2,21.2,0.0,0.0,0.0,114.6,,,,,,,,,349.6,,,,,,,,,,14.0,22.0,18.0,,,,,,,,,,,,RDS_ESTIMADO,,,,,
2025-04-17,110.5,32.4,29.2,,5.5,63.3,26.0,21.2,0.0,0.0,0.0,110.5,,,,,,,,,341.8,,,,,,,,,,12.0,22.0,17.0,,,,,,,,,,,,RDS_ESTIMADO,,,,,
2025-04-18,104.8,31.9,28.2,,5.5,59.2,24.4,21.2,0.0,0.0,0.0,104.8,,,,,,,,,334.6,,,,,,,,,,14.0,21.0,17.5,,,,,,,,,,,,RDS_ESTIMADO,,,,,
2025-04-19,107.6,33.3,27.8,,6.0,61.2,25.2,21.2,0.0,0.0,0.0,107.6,,,,,,,,,342.7,,,,,,,,,,11.0,19.0,15.0,,,,,,,,,,,,RDS_ESTIMADO,,,,,
2025-04-20,105.7,31.2,27.7,,6.0,59.9,24.6,21.2,0.0,0.0,0.0,105.7,,,,,,,,,336.3,,,,,,,,,,9.0,19.0,14.0,,,,,,,,,,,,RDS_ESTIMADO,,,,,
2025-04-21,114.9,33.7,29.4,,6.0,66.4,27.3,21.2,0.0,0.0,0.0,114.9,,,,,,,,,336.4,,,,,,,,,,12.0,21.0,16.5,,,,,,,,,,,,RDS_ESTIMADO,,,,,
2025-04-22,117.9,33.6,32.3,,5.0,68.5,28.2,21.2,0.0,0.0,0.0,117.9,,,,,,,,,341.6,,,,,,,,,,15.0,23.0,19.0,,,,,,,,,,,,RDS_ESTIMADO,,,,,
2025-04-23,122.3,33.3,33.7,,7.0,71.6,29.5,21.2,0.0,0.0,0.0,122.3,,,,,,,,,343.8,,,,,,,,,,16.0,25.0,20.5,,,,,,,,,,,,RDS_ESTIMADO,,,,,
2025-04-24,121.3,33.2,33.8,,7.5,70.9,29.2,21.2,0.0,0.0,0.0,121.3,,,,,,,,,344.7,,,,,,,,,,16.0,22.0,19.0,,,,,,,,,,,,RDS_ESTIMADO,,,,,
2025-04-25,117.1,33.1,35.0,,5.0,68.0,27.9,21.2,0.0,0.0,0.0,117.1,,,,,,,,,346.7,,,,,,,,,,16.0,24.0,20.0,,,,,,,,,,,,RDS_ESTIMADO,,,,,
2025-04-26,118.0,32.1,36.6,,8.0,68.6,28.2,21.2,0.0,0.0,0.0,118.0,,,,,,,,,351.5,,,,,,,,,,15.0,20.0,17.5,,,,,,,,,,,,RDS_ESTIMADO,,,,,
2025-04-27,113.6,31.4,36.4,,8.0,65.5,26.9,21.2,0.0,0.0,0.0,113.6,,,,,,,,,358.1,,,,,,,,,,10.0,22.0,16.0,,,,,,,,,,,,RDS_ESTIMADO,,,,,
2025-04-28,131.3,35.7,37.1,,11.0,78.0,32.1,21.2,0.0,0.0,0.0,131.3,,,,,,,,,364.0,,,,,,,,,,8.0,20.0,14.0,,,,,,,,,,,,RDS_ESTIMADO,,,,,
2025-04-29,128.3,35.1,35.1,,10.0,75.9,31.2,21.2,0.0,0.0,0.0,128.3,,,,,,,,,356.8,,,,,,,,,,10.0,23.0,16.5,,,,,,,,,,,,RDS_ESTIMADO,,,,,
2025-04-30,129.1,35.2,34.5,,12.0,76.5,31.4,21.2,0.0,0.0,0.0,129.1,,,,,,,,,350.8,,,,,,,,,,11.0,24.0,17.5,,,,,,,,,,,,RDS_ESTIMADO,,,,,
2025-05-01,113.4,31.9,32.8,,7.8,65.3,26.9,21.2,0.0,0.0,0.0,113.4,,,,,,,,,352.4,,,,,,,,,,12.0,23.0,17.5,,,,,,,,,,,,RDS_ESTIMADO,,,,,
2025-05-02,115.1,30.3,33.3,,8.3,66.5,27.4,21.2,0.0,0.0,0.0,115.1,,,,,,,,,366.3,,,,,,,,,,14.0,24.0,19.0,,,,,,,,,,,,RDS_ESTIMADO,,,,,
2025-05-03,112.7,29.0,33.3,,8.3,64.8,26.7,21.2,0.0,0.0,0.0,112.7,,,,,,,,,358.8,,,,,,,,,,13.0,25.0,19.0,,,,,,,,,,,,RDS_ESTIMADO,,,,,
2025-05-04,113.4,32.0,33.1,,8.3,65.3,26.9,21.2,0.0,0.0,0.0,113.4,,,,,,,,,357.4,,,,,,,,,,18.0,26.0,22.0,,,,,,,,,,,,RDS_ESTIMADO,,,,,
2025-05-05,127.3,36.4,34.7,,10.0,75.2,30.9,21.2,0.0,0.0,0.0,127.3,,,,,,,,,363.8,,,,,,,,,,16.0,19.0,17.5,,,,,,,,,,,,RDS_ESTIMADO,,,,,
2025-05-06,117.7,33.7,33.4,,4.8,68.4,28.1,21.2,0.0,0.0,0.0,117.7,,,,,,,,,359.1,,,,,,,,,,18.0,23.0,20.5,,,,,,,,,,,,RDS_ESTIMADO,,,,,
2025-05-07,129.2,38.3,34.7,,6.3,76.5,31.5,21.2,0.0,0.0,0.0,129.2,,,,,,,,,355.7,,,,,,,,,,17.0,22.0,19.5,,,,,,,,,,,,RDS_ESTIMADO,,,,,
2025-05-08,130.0,37.6,34.1,,9.3,77.1,31.7,21.2,0.0,0.0,0.0,130.0,,,,,,,,,350.6,,,,,,,,,,18.0,22.0,20.0,,,,,,,,,,,,RDS_ESTIMADO,,,,,
2025-05-09,121.7,37.7,34.2,,9.3,71.2,29.3,21.2,0.0,0.0,0.0,121.7,,,,,,,,,345.0,,,,,,,,,,15.0,21.0,18.0,,,,,,,,,,,,RDS_ESTIMADO,,,,,
2025-05-10,113.3,33.6,33.8,,9.4,65.3,26.8,21.2,0.0,0.0,0.0,113.3,,,,,,,,,346.6,,,,,,,,,,14.0,22.0,18.0,,,,,,,,,,,,RDS_ESTIMADO,,,,,
2025-05-11,110.2,32.8,33.5,,8.4,63.1,25.9,21.2,0.0,0.0,0.0,110.2,,,,,,,,,353.7,,,,,,,,,,11.0,21.0,16.0,,,,,,,,,,,,RDS_ESTIMADO,,,,,
2025-05-12,118.2,35.1,34.8,,8.4,68.7,28.3,21.2,0.0,0.0,0.0,118.2,,,,,,,,,365.2,,,,,,,,,,13.0,21.0,17.0,,,,,,,,,,,,RDS_ESTIMADO,,,,,
2025-05-13,122.1,36.0,34.9,,9.3,71.5,29.4,21.2,0.0,0.0,0.0,122.1,,,,,,,,,364.2,,,,,,,,,,13.0,21.0,17.0,,,,,,,,,,,,RDS_ESTIMADO,,,,,
2025-05-14,123.7,37.6,34.1,,6.3,72.6,29.9,21.2,0.0,0.0,0.0,123.7,,,,,,,,,359.2,,,,,,,,,,17.0,25.0,21.0,,,,,,,,,,,,RDS_ESTIMADO,,,,,
2025-05-15,124.3,34.2,35.0,,8.3,73.1,30.0,21.2,0.0,0.0,0.0,124.3,,,,,,,,,355.9,,,,,,,,,,20.0,24.0,22.0,,,,,,,,,,,,RDS_ESTIMADO,,,,,
2025-05-16,120.8,34.0,34.9,,6.3,70.6,29.0,21.2,0.0,0.0,0.0,120.8,,,,,,,,,351.0,,,,,,,,,,19.0,23.0,21.0,,,,,,,,,,,,RDS_ESTIMADO,,,,,
2025-05-17,111.2,30.9,33.6,,9.2,63.8,26.2,21.2,0.0,0.0,0.0,111.2,,,,,,,,,356.5,,,,,,,,,,18.0,23.0,20.5,,,,,,,,,,,,RDS_ESTIMADO,,,,,
2025-05-18,108.6,34.3,33.4,,7.2,61.9,25.5,21.2,0.0,0.0,0.0,108.6,,,,,,,,,366.6,,,,,,,,,,13.0,18.0,15.5,,,,,,,,,,,,RDS_ESTIMADO,,,,,
2025-05-19,131.8,43.9,34.9,,6.2,78.4,32.2,21.2,0.0,0.0,0.0,131.8,,,,,,,,,370.7,,,,,,,,,,10.0,15.0,12.5,,,,,,,,,,,,RDS_ESTIMADO,,,,,
2025-05-20,136.5,48.5,35.3,,5.4,81.7,33.6,21.2,0.0,0.0,0.0,136.5,,,,,,,,,357.9,,,,,,,,,,6.0,16.0,11.0,,,,,,,,,,,,RDS_ESTIMADO,,,,,
2025-05-21,143.1,55.4,35.5,,5.4,86.4,35.5,21.2,0.0,0.0,0.0,143.1,,,,,,,,,342.7,,,,,,,,,,9.0,15.0,12.0,,,,,,,,,,,,RDS_ESTIMADO,,,,,
2025-05-22,149.1,57.2,36.5,,7.4,90.6,37.3,21.2,0.0,0.0,0.0,149.1,,,,,,,,,333.7,,,,,,,,,,7.0,16.0,11.5,,,,,,,,,,,,RDS_ESTIMADO,,,,,
2025-05-23,142.2,55.1,37.0,,7.4,85.8,35.2,21.2,0.0,0.0,0.0,142.2,,,,,,,,,327.8,,,,,,,,,,11.0,15.0,13.0,,,,,,,,,,,,RDS_ESTIMADO,,,,,
2025-05-24,130.5,49.9,35.0,,7.4,77.5,31.8,21.2,0.0,0.0,0.0,130.5,,,,,,,,,330.6,,,,,,,,,,13.0,16.0,14.5,,,,,,,,,,,,RDS_ESTIMADO,,,,,
2025-05-25,124.6,46.5,34.6,,7.4,73.3,30.1,21.2,0.0,0.0,0.0,124.6,,,,,,,,,340.1,,,,,,,,,,13.0,18.0,15.5,,,,,,,,,,,,RDS_ESTIMADO,,,,,
2025-05-26,140.1,52.3,35.8,,7.7,84.3,34.6,21.2,0.0,0.0,0.0,140.1,,,,,,,,,351.4,,,,,,,,,,15.0,20.0,17.5,,,,,,,,,,,,RDS_ESTIMADO,,,,,
2025-05-27,140.7,57.4,35.0,,6.7,84.7,34.8,21.2,0.0,0.0,0.0,140.7,,,,,,,,,355.8,,,,,,,,,,12.0,18.0,15.0,,,,,,,,,,,,RDS_ESTIMADO,,,,,
2025-05-28,145.0,63.6,35.8,,6.9,87.7,36.1,21.2,0.0,0.0,0.0,145.0,,,,,,,,,352.2,,,,,,,,,,7.0,12.0,9.5,,,,,,,,,,,,RDS_ESTIMADO,,,,,
2025-05-29,148.3,68.9,35.8,,7.0,90.1,37.0,21.2,0.0,0.0,0.0,148.3,,,,,,,,,345.5,,,,,,,,,,5.0,12.0,8.5,,,,,,,,,,,,RDS_ESTIMADO,,,,,
2025-05-30,151.9,73.2,35.5,,5.0,92.6,38.1,21.2,0.0,0.0,0.0,151.9,,,,,,,,,338.6,,,,,,,,,,6.0,15.0,10.5,,,,,,,,,,,,RDS_ESTIMADO,,,,,
2025-05-31,146.1,68.1,34.2,,6.0,88.5,36.4,21.2,0.0,0.0,0.0,146.1,,,,,,,,,336.3,,,,,,,,,,7.0,16.0,11.5,,,,,,,,,,,,RDS_ESTIMADO,,,,,
2025-06-01,136.8,63.0,34.1,,4.3,81.9,33.7,21.2,0.0,0.0,0.0,136.8,,,,,,,,,340.9,,,,,,,,,,4.0,16.0,10.0,,,,,,,,,,,,RDS_ESTIMADO,,,,,
2025-06-02,146.5,66.8,34.6,,6.5,88.8,36.5,21.2,0.0,0.0,0.0,146.5,,,,,,,,,349.7,,,,,,,,,,9.0,18.0,13.5,,,,,,,,,,,,RDS_ESTIMADO,,,,,
2025-06-03,148.8,64.4,34.7,,6.5,90.4,37.2,21.2,0.0,0.0,0.0,148.8,,,,,,,,,350.1,,,,,,,,,,8.0,18.0,13.0,,,,,,,,,,,,RDS_ESTIMADO,,,,,
2025-06-04,145.7,63.2,35.4,,4.4,88.2,36.3,21.2,0.0,0.0,0.0,145.7,,,,,,,,,351.6,,,,,,,,,,11.0,19.0,15.0,,,,,,,,,,,,RDS_ESTIMADO,,,,,
2025-06-05,154.2,64.8,35.5,,7.0,94.3,38.7,21.2,0.0,0.0,0.0,154.2,,,,,,,,,352.4,,,,,,,,,,8.0,15.0,11.5,,,,,,,,,,,,RDS_ESTIMADO,,,,,
2025-06-06,157.3,63.5,35.0,,7.0,96.5,39.6,21.2,0.0,0.0,0.0,157.3,,,,,,,,,347.4,,,,,,,,,,5.0,18.0,11.5,,,,,,,,,,,,RDS_ESTIMADO,,,,,
2025-06-07,148.8,62.6,34.3,,4.5,90.4,37.2,21.2,0.0,0.0,0.0,148.8,,,,,,,,,342.9,,,,,,,,,,7.0,17.0,12.0,,,,,,,,,,,,RDS_ESTIMADO,,,,,
2025-06-08,140.8,59.9,34.0,,4.5,84.8,34.8,21.2,0.0,0.0,0.0,140.8,,,,,,,,,343.2,,,,,,,,,,8.0,16.0,12.0,,,,,,,,,,,,RDS_ESTIMADO,,,,,
2025-06-09,154.4,68.2,35.1,,6.5,94.4,38.8,21.2,0.0,0.0,0.0,154.4,,,,,,,,,352.2,,,,,,,,,,7.0,15.0,11.0,,,,,,,,,,,,RDS_ESTIMADO,,,,,
2025-06-10,154.8,68.0,35.4,,5.5,94.7,38.9,21.2,0.0,0.0,0.0,154.8,,,,,,,,,344.2,,,,,,,,,,5.0,16.0,10.5,,,,,,,,,,,,RDS_ESTIMADO,,,,,
2025-06-11,151.8,67.5,34.9,,7.0,92.6,38.0,21.2,0.0,0.0,0.0,151.8,,,,,,,,,339.9,,,,,,,,,,9.0,16.0,12.5,,,,,,,,,,,,RDS_ESTIMADO,,,,,
2025-06-12,149.4,68.9,35.1,,5.5,90.9,37.3,21.2,0.0,0.0,0.0,149.4,,,,,,,,,335.9,,,,,,,,,,11.0,18.0,14.5,,,,,,,,,,,,RDS_ESTIMADO,,,,,
2025-06-13,151.0,69.0,34.9,,6.5,92.0,37.8,21.2,0.0,0.0,0.0,151.0,,,,,,,,,337.0,,,,,,,,,,11.0,15.0,13.0,,,,,,,,,,,,RDS_ESTIMADO,,,,,
2025-06-14,144.6,65.7,34.2,,6.5,87.5,35.9,21.2,0.0,0.0,0.0,144.6,,,,,,,,,334.4,,,,,,,,,,11.0,13.0,12.0,,,,,,,,,,,,RDS_ESTIMADO,,,,,
2025-06-15,141.2,64.8,33.9,,6.5,85.0,35.0,21.2,0.0,0.0,0.0,141.2,,,,,,,,,335.2,,,,,,,,,,5.0,13.0,9.0,,,,,,,,,,,,RDS_ESTIMADO,,,,,
2025-06-16,141.2,65.6,34.5,,3.0,85.0,35.0,21.2,0.0,0.0,0.0,141.2,,,,,,,,,345.5,,,,,,,,,,7.0,16.0,11.5,,,,,,,,,,,,RDS_ESTIMADO,,,,,
2025-06-17,156.4,70.3,35.2,,4.0,95.8,39.4,21.2,0.0,0.0,0.0,156.4,,,,,,,,,351.7,,,,,,,,,,11.0,16.0,13.5,,,,,,,,,,,,RDS_ESTIMADO,,,,,
2025-06-18,165.1,73.4,36.4,,6.5,102.0,41.9,21.2,0.0,0.0,0.0,165.1,,,,,,,,,344.8,,,,,,,,,,5.0,15.0,10.0,,,,,,,,,,,,RDS_ESTIMADO,,,,,
2025-06-19,163.2,75.7,35.9,,6.5,100.6,41.4,21.2,0.0,0.0,0.0,163.2,,,,,,,,,342.3,,,,,,,,,,6.0,17.0,11.5,,,,,,,,,,,,RDS_ESTIMADO,,,,,
2025-06-20,159.9,74.1,35.3,,6.5,98.3,40.4,21.2,0.0,0.0,0.0,159.9,,,,,,,,,343.1,,,,,,,,,,6.0,16.0,11.0,,,,,,,,,,,,RDS_ESTIMADO,,,,,
2025-06-21,153.3,71.2,34.5,,6.5,93.6,38.5,21.2,0.0,0.0,0.0,153.3,,,,,,,,,344.8,,,,,,,,,,8.0,17.0,12.5,,,,,,,,,,,,RDS_ESTIMADO,,,,,
2025-06-22,147.3,70.3,34.0,,6.5,89.4,36.7,21.2,0.0,0.0,0.0,147.3,,,,,,,,,346.7,,,,,,,,,,8.0,15.0,11.5,,,,,,,,,,,,RDS_ESTIMADO,,,,,
2025-06-23,166.0,83.5,35.5,,6.5,102.6,42.2,21.2,0.0,0.0,0.0,166.0,,,,,,,,,352.6,,,,,,,,,,3.0,9.0,6.0,,,,,,,,,,,,RDS_ESTIMADO,,,,,
2025-06-24,158.9,83.8,34.7,,6.7,97.6,40.1,21.2,0.0,0.0,0.0,158.9,,,,,,,,,342.6,,,,,,,,,,2.0,12.0,7.0,,,,,,,,,,,,RDS_ESTIMADO,,,,,
2025-06-25,158.1,86.1,35.3,,6.9,97.0,39.9,21.2,0.0,0.0,0.0,158.1,,,,,,,,,341.9,,,,,,,,,,8.0,15.0,11.5,,,,,,,,,,,,RDS_ESTIMADO,,,,,
2025-06-26,153.7,82.8,34.6,,7.1000000000000005,93.9,38.6,21.2,0.0,0.0,0.0,153.7,,,,,,,,,342.9,,,,,,,,,,3.0,14.0,8.5,,,,,,,,,,,,RDS_ESTIMADO,,,,,
2025-06-27,156.9,84.7,34.6,,7.1,96.2,39.5,21.2,0.0,0.0,0.0,156.9,,,,,,,,,345.2,,,,,,,,,,4.0,15.0,9.5,,,,,,,,,,,,RDS_ESTIMADO,,,,,
2025-06-28,151.2,79.8,33.3,,7.1,92.1,37.9,21.2,0.0,0.0,0.0,151.2,,,,,,,,,342.9,,,,,,,,,,3.0,14.0,8.5,,,,,,,,,,,,RDS_ESTIMADO,,,,,
2025-06-29,150.1,80.1,33.1,,7.1,91.4,37.5,21.2,0.0,0.0,0.0,150.1,,,,,,,,,340.6,,,,,,,,,,5.0,9.0,7.0,,,,,,,,,,,,RDS_ESTIMADO,,,,,
2025-06-30,164.1,91.8,34.5,,7.0,101.3,41.6,21.2,0.0,0.0,0.0,164.1,,,,,,,,,337.6,,,,,,,,,,2.0,8.0,5.0,,,,,,,,,,,,RDS_ESTIMADO,,,,,
2025-07-01,157.5,93.7,32.1,,0.8,96.6,39.7,21.2,0.0,0.0,0.0,157.5,,,,,,,,,325.2,,,,,,,,,,-0.4,7.4,3.5,,,,,,,,,,,,RDS_ESTIMADO,,,,,
2025-07-02,156.6,97.3,27.6,,0.7,96.0,39.4,21.2,0.0,0.0,0.0,156.6,,,,,,,,,319.2,,,,,,,,,,1.2,8.1,4.6,,,,,,,,,,,,RDS_ESTIMADO,,,,,
2025-07-03,157.4,94.2,30.9,,1.8,96.5,39.7,21.2,0.0,0.0,0.0,157.4,,,,,,,,,327.6,,,,,,,,,,4.0,12.0,8.0,,,,,,,,,,,,RDS_ESTIMADO,,,,,
2025-07-04,149.8,93.6,23.7,,3.5,91.1,37.5,21.2,0.0,0.0,0.0,149.8,,,,,,,,,344.6,,,,,,,,,,8.0,15.0,11.5,,,,,,,,,,,,RDS_ESTIMADO,,,,,
2025-07-05,152.4,83.1,29.6,,5.0,93.0,38.2,21.2,0.0,0.0,0.0,152.4,,,,,,,,,349.3,,,,,,,,,,8.0,14.0,11.0,,,,,,,,,,,,RDS_ESTIMADO,,,,,
2025-07-06,150.2,74.0,30.3,,6.5,91.4,37.6,21.2,0.0,0.0,0.0,150.2,,,,,,,,,351.2,,,,,,,,,,8.0,13.0,10.5,,,,,,,,,,,,RDS_ESTIMADO,,,,,
2025-07-08,162.4,75.4,33.3,,6.8,100.1,41.1,21.2,0.0,0.0,0.0,162.4,,,,,,,,,356.2,,,,,,,,,,8.0,17.0,12.5,,,,,,,,,,,,RDS_ESTIMADO,,,,,
2025-07-09,150.6,67.6,33.8,,7.6,91.7,37.7,21.2,0.0,0.0,0.0,150.6,,,,,,,,,351.5,,,,,,,,,,9.0,17.0,13.0,,,,,,,,,,,,RDS_ESTIMADO,,,,,
2025-07-10,154.6,66.4,34.7,,7.6,94.5,38.9,21.2,0.0,0.0,0.0,154.6,,,,,,,,,351.9,,,,,,,,,,11.0,16.0,13.5,,,,,,,,,,,,RDS_ESTIMADO,,,,,
2025-07-11,151.8,65.4,33.2,,8.1,92.6,38.0,21.2,0.0,0.0,0.0,151.8,,,,,,,,,342.9,,,,,,,,,,10.0,17.0,13.5,,,,,,,,,,,,RDS_ESTIMADO,,,,,
2025-07-12,144.3,62.4,32.2,,8.0,87.2,35.9,21.2,0.0,0.0,0.0,144.3,,,,,,,,,342.1,,,,,,,,,,11.0,19.0,15.0,,,,,,,,,,,,RDS_ESTIMADO,,,,,
2025-07-13,138.8,57.3,32.5,,7.5,83.3,34.3,21.2,0.0,0.0,0.0,138.8,,,,,,,,,347.2,,,,,,,,,,11.0,18.0,14.5,,,,,,,,,,,,RDS_ESTIMADO,,,,,
2025-07-14,149.9,63.0,33.7,,8.1,91.2,37.5,21.2,0.0,0.0,0.0,149.9,,,,,,,,,357.4,,,,,,,,,,10.0,15.0,12.5,,,,,,,,,,,,RDS_ESTIMADO,,,,,
2025-07-15,147.4,61.7,33.9,,7.5,89.4,36.8,21.2,0.0,0.0,0.0,147.4,,,,,,,,,357.3,,,,,,,,,,13.0,19.0,16.0,,,,,,,,,,,,RDS_ESTIMADO,,,,,
2025-07-16,152.3,69.5,32.6,,7.1,92.9,38.2,21.2,0.0,0.0,0.0,152.3,,,,,,,,,362.5,,,,,,,,,,11.0,17.0,14.0,,,,,,,,,,,,RDS_ESTIMADO,,,,,
2025-07-17,157.1,70.3,34.7,,7.1,96.3,39.6,21.2,0.0,0.0,0.0,157.1,,,,,,,,,354.9,,,,,,,,,,7.0,14.0,10.5,,,,,,,,,,,,RDS_ESTIMADO,,,,,
2025-07-18,158.2,71.2,34.0,,7.1,97.1,39.9,21.2,0.0,0.0,0.0,158.2,,,,,,,,,347.9,,,,,,,,,,5.0,16.0,10.5,,,,,,,,,,,,RDS_ESTIMADO,,,,,
2025-07-19,145.4,61.9,33.3,,7.6,88.0,36.2,21.2,0.0,0.0,0.0,145.4,,,,,,,,,348.2,,,,,,,,,,7.0,17.0,12.0,,,,,,,,,,,,RDS_ESTIMADO,,,,,
2025-07-20,141.6,59.4,33.0,,7.6,85.3,35.1,21.2,0.0,0.0,0.0,141.6,,,,,,,,,354.8,,,,,,,,,,9.0,19.0,14.0,,,,,,,,,,,,RDS_ESTIMADO,,,,,
2025-07-21,158.1,68.6,34.2,,7.6,97.0,39.9,21.2,0.0,0.0,0.0,158.1,,,,,,,,,365.0,,,,,,,,,,11.0,19.0,15.0,,,,,,,,,,,,RDS_ESTIMADO,,,,,
2025-07-22,158.0,68.8,34.7,,7.6,96.9,39.9,21.2,0.0,0.0,0.0,158.0,,,,,,,,,364.4,,,,,,,,,,10.0,16.0,13.0,,,,,,,,,,,,RDS_ESTIMADO,,,,,
2025-07-23,161.7,74.0,34.4,,7.8,99.6,40.9,21.2,0.0,0.0,0.0,161.7,,,,,,,,,352.8,,,,,,,,,,6.0,12.0,9.0,,,,,,,,,,,,RDS_ESTIMADO,,,,,
2025-07-24,158.6,75.4,34.3,,8.0,97.4,40.0,21.2,0.0,0.0,0.0,158.6,,,,,,,,,344.6,,,,,,,,,,8.0,14.0,11.0,,,,,,,,,,,,RDS_ESTIMADO,,,,,
2025-07-25,156.8,75.8,34.6,,7.0,96.1,39.5,21.2,0.0,0.0,0.0,156.8,,,,,,,,,342.6,,,,,,,,,,11.0,15.0,13.0,,,,,,,,,,,,RDS_ESTIMADO,,,,,
2025-07-26,150.8,74.5,33.4,,7.0,91.8,37.8,21.2,0.0,0.0,0.0,150.8,,,,,,,,,344.9,,,,,,,,,,8.0,12.0,10.0,,,,,,,,,,,,RDS_ESTIMADO,,,,,
2025-07-27,150.1,74.0,33.3,,7.0,91.4,37.5,21.2,0.0,0.0,0.0,150.1,,,,,,,,,341.3,,,,,,,,,,7.0,12.0,9.5,,,,,,,,,,,,RDS_ESTIMADO,,,,,
2025-07-28,155.5,82.1,34.5,,7.6,95.2,39.1,21.2,0.0,0.0,0.0,155.5,,,,,,,,,345.2,,,,,,,,,,8.0,14.0,11.0,,,,,,,,,,,,RDS_ESTIMADO,,,,,
2025-07-29,156.4,75.6,34.2,,7.1,95.8,39.4,21.2,0.0,0.0,0.0,156.4,,,,,,,,,351.1,,,,,,,,,,8.0,16.0,12.0,,,,,,,,,,,,RDS_ESTIMADO,,,,,
2025-07-30,156.5,72.7,34.5,,7.1,95.9,39.4,21.2,0.0,0.0,0.0,156.5,,,,,,,,,346.8,,,,,,,,,,10.0,17.0,13.5,,,,,,,,,,,,RDS_ESTIMADO,,,,,
2025-07-31,149.7,66.7,34.6,,7.6,91.1,37.4,21.2,0.0,0.0,0.0,149.7,,,,,,,,,347.4,,,,,,,,,,12.0,20.0,16.0,,,,,,,,,,,,RDS_ESTIMADO,,,,,
2025-08-01,149.5,65.8,33.9,,8.1,90.9,37.4,21.2,0.0,0.0,0.0,149.5,,,,,,,,,351.1,,,,,,,,,,15.0,17.0,16.0,,,,,,,,,,,,RDS_ESTIMADO,,,,,
2025-08-02,139.8,59.8,32.0,,8.1,84.1,34.5,21.2,0.0,0.0,0.0,139.8,,,,,,,,,359.8,,,,,,,,,,13.0,17.0,15.0,,,,,,,,,,,,RDS_ESTIMADO,,,,,
2025-08-03,139.9,62.2,31.7,,8.1,84.1,34.6,21.2,0.0,0.0,0.0,139.9,,,,,,,,,370.3,,,,,,,,,,9.0,16.0,12.5,,,,,,,,,,,,RDS_ESTIMADO,,,,,
2025-08-04,169.4,79.1,33.1,,7.1,105.0,43.2,21.2,0.0,0.0,0.0,169.4,,,,,,,,,372.1,,,,,,,,,,9.0,15.0,12.0,,,,,,,,,,,,RDS_ESTIMADO,,,,,
2025-08-05,165.0,74.2,34.7,,7.6,101.9,41.9,21.2,0.0,0.0,0.0,165.0,,,,,,,,,369.5,,,,,,,,,,6.0,13.0,9.5,,,,,,,,,,,,RDS_ESTIMADO,,,,,
2025-08-06,164.3,75.4,35.2,,7.5,101.4,41.7,21.2,0.0,0.0,0.0,164.3,,,,,,,,,363.7,,,,,,,,,,8.0,16.0,12.0,,,,,,,,,,,,RDS_ESTIMADO,,,,,
2025-08-07,167.5,74.7,35.5,,7.5,103.7,42.6,21.2,0.0,0.0,0.0,167.5,,,,,,,,,358.3,,,,,,,,,,8.0,14.0,11.0,,,,,,,,,,,,RDS_ESTIMADO,,,,,
2025-08-08,166.2,72.5,34.5,,7.5,102.8,42.2,21.2,0.0,0.0,0.0,166.2,,,,,,,,,351.0,,,,,,,,,,5.0,14.0,9.5,,,,,,,,,,,,RDS_ESTIMADO,,,,,
2025-08-09,159.7,70.6,33.7,,7.5,98.2,40.3,21.2,0.0,0.0,0.0,159.7,,,,,,,,,352.1,,,,,,,,,,5.0,15.0,10.0,,,,,,,,,,,,RDS_ESTIMADO,,,,,
2025-08-10,151.9,64.0,34.0,,7.5,92.6,38.1,21.2,0.0,0.0,0.0,151.9,,,,,,,,,355.4,,,,,,,,,,5.0,18.0,11.5,,,,,,,,,,,,RDS_ESTIMADO,,,,,
2025-08-11,156.5,63.8,35.7,,7.6,95.9,39.4,21.2,0.0,0.0,0.0,156.5,,,,,,,,,361.1,,,,,,,,,,8.0,19.0,13.5,,,,,,,,,,,,RDS_ESTIMADO,,,,,
2025-08-12,149.4,60.8,35.4,,8.0,90.9,37.3,21.2,0.0,0.0,0.0,149.4,,,,,,,,,367.0,,,,,,,,,,11.0,22.0,16.5,,,,,,,,,,,,RDS_ESTIMADO,,,,,
2025-08-13,155.1,67.4,35.0,,8.0,94.9,39.0,21.2,0.0,0.0,0.0,155.1,,,,,,,,,370.0,,,,,,,,,,10.0,15.0,12.5,,,,,,,,,,,,RDS_ESTIMADO,,,,,
2025-08-14,157.4,69.5,34.4,,8.0,96.5,39.7,21.2,0.0,0.0,0.0,157.4,,,,,,,,,360.8,,,,,,,,,,6.0,13.0,9.5,,,,,,,,,,,,RDS_ESTIMADO,,,,,
2025-08-15,151.6,69.7,34.8,,4.5,92.4,38.0,21.2,0.0,0.0,0.0,151.6,,,,,,,,,356.3,,,,,,,,,,6.0,14.0,10.0,,,,,,,,,,,,RDS_ESTIMADO,,,,,
2025-08-16,156.4,69.2,34.4,,6.5,95.8,39.4,21.2,0.0,0.0,0.0,156.4,,,,,,,,,350.7,,,,,,,,,,7.0,13.0,10.0,,,,,,,,,,,,RDS_ESTIMADO,,,,,
2025-08-17,149.0,64.9,34.3,,6.5,90.6,37.2,21.2,0.0,0.0,0.0,149.0,,,,,,,,,352.7,,,,,,,,,,11.0,15.0,13.0,,,,,,,,,,,,RDS_ESTIMADO,,,,,
2025-08-18,154.5,64.7,35.2,,6.5,94.5,38.8,21.2,0.0,0.0,0.0,154.5,,,,,,,,,364.3,,,,,,,,,,12.0,17.0,14.5,,,,,,,,,,,,RDS_ESTIMADO,,,,,
2025-08-19,154.4,63.7,34.6,,7.5,94.4,38.8,21.2,0.0,0.0,0.0,154.4,,,,,,,,,364.2,,,,,,,,,,14.0,16.0,15.0,,,,,,,,,,,,RDS_ESTIMADO,,,,,
2025-08-20,151.7,63.0,34.9,,7.5,92.5,38.0,21.2,0.0,0.0,0.0,151.7,,,,,,,,,364.2,,,,,,,,,,13.0,17.0,15.0,,,,,,,,,,,,RDS_ESTIMADO,,,,,
2025-08-21,152.3,63.9,35.0,,7.5,92.9,38.2,21.2,0.0,0.0,0.0,152.3,,,,,,,,,364.7,,,,,,,,,,9.0,18.0,13.5,,,,,,,,,,,,RDS_ESTIMADO,,,,,
2025-08-22,152.0,65.6,35.5,,7.4,92.7,38.1,21.2,0.0,0.0,0.0,152.0,,,,,,,,,369.9,,,,,,,,,,13.0,18.0,15.5,,,,,,,,,,,,RDS_ESTIMADO,,,,,
2025-08-23,141.6,61.7,34.8,,7.4,85.3,35.1,21.2,0.0,0.0,0.0,141.6,,,,,,,,,363.7,,,,,,,,,,8.0,15.0,11.5,,,,,,,,,,,,RDS_ESTIMADO,,,,,
2025-08-24,130.8,57.3,34.5,,7.4,77.7,31.9,21.2,0.0,0.0,0.0,130.8,,,,,,,,,356.3,,,,,,,,,,6.0,18.0,12.0,,,,,,,,,,,,RDS_ESTIMADO,,,,,
2025-08-25,140.2,57.0,35.8,,6.4,84.3,34.7,21.2,0.0,0.0,0.0,140.2,,,,,,,,,354.9,,,,,,,,,,10.0,22.0,16.0,,,,,,,,,,,,RDS_ESTIMADO,,,,,
2025-08-26,137.9,55.7,35.9,,6.5,82.7,34.0,21.2,0.0,0.0,0.0,137.9,,,,,,,,,349.3,,,,,,,,,,8.0,21.0,14.5,,,,,,,,,,,,RDS_ESTIMADO,,,,,
2025-08-27,130.4,49.9,35.6,,6.4,77.4,31.8,21.2,0.0,0.0,0.0,130.4,,,,,,,,,350.4,,,,,,,,,,11.0,22.0,16.5,,,,,,,,,,,,RDS_ESTIMADO,,,,,
2025-08-28,125.3,45.6,35.3,,6.9,73.8,30.3,21.2,0.0,0.0,0.0,125.3,,,,,,,,,356.9,,,,,,,,,,12.0,22.0,17.0,,,,,,,,,,,,RDS_ESTIMADO,,,,,
2025-08-29,124.3,48.0,34.4,,7.9,73.1,30.0,21.2,0.0,0.0,0.0,124.3,,,,,,,,,364.5,,,,,,,,,,14.0,20.0,17.0,,,,,,,,,,,,RDS_ESTIMADO,,,,,
2025-08-31,122.1,48.9,33.5,,7.4,71.5,29.4,21.2,0.0,0.0,0.0,122.1,,,,,,,,,365.5,,,,,,,,,,15.0,19.0,17.0,,,,,,,,,,,,RDS_ESTIMADO,,,,,
2025-09-01,137.5,55.6,35.1,,7.4,82.4,33.9,21.2,0.0,0.0,0.0,137.5,,,,,,,,,363.3,,,,,,,,,,12.0,17.0,14.5,,,,,,,,,,,,RDS_ESTIMADO,,,,,
2025-09-02,136.1,58.8,35.2,,3.5,81.4,33.5,21.2,0.0,0.0,0.0,136.1,,,,,,,,,353.0,,,,,,,,,,8.0,15.0,11.5,,,,,,,,,,,,RDS_ESTIMADO,,,,,
2025-09-03,136.0,61.8,35.2,,2.4,81.4,33.4,21.2,0.0,0.0,0.0,136.0,,,,,,,,,347.1,,,,,,,,,,10.0,21.0,15.5,,,,,,,,,,,,RDS_ESTIMADO,,,,,
2025-09-04,145.0,69.1,35.3,,2.9,87.7,36.1,21.2,0.0,0.0,0.0,145.0,,,,,,,,,343.0,,,,,,,,,,5.0,12.0,8.5,,,,,,,,,,,,RDS_ESTIMADO,,,,,
2025-09-05,141.0,69.3,35.2,,4.4,84.9,34.9,21.2,0.0,0.0,0.0,141.0,,,,,,,,,340.6,,,,,,,,,,3.0,13.0,8.0,,,,,,,,,,,,RDS_ESTIMADO,,,,,
2025-09-06,140.5,67.5,34.2,,2.4,84.5,34.8,21.2,0.0,0.0,0.0,140.5,,,,,,,,,338.1,,,,,,,,,,3.0,16.0,9.5,,,,,,,,,,,,RDS_ESTIMADO,,,,,
2025-09-07,136.3,59.7,34.2,,6.4,81.6,33.5,21.2,0.0,0.0,0.0,136.3,,,,,,,,,342.6,,,,,,,,,,8.0,16.0,12.0,,,,,,,,,,,,RDS_ESTIMADO,,,,,
2025-09-08,141.3,60.1,35.7,,6.4,85.1,35.0,21.2,0.0,0.0,0.0,141.3,,,,,,,,,349.0,,,,,,,,,,11.0,18.0,14.5,,,,,,,,,,,,RDS_ESTIMADO,,,,,
2025-09-09,128.4,52.2,34.5,,1.1,76.0,31.2,21.2,0.0,0.0,0.0,128.4,,,,,,,,,349.7,,,,,,,,,,10.0,23.0,16.5,,,,,,,,,,,,RDS_ESTIMADO,,,,,
2025-09-10,123.8,48.3,35.2,,6.5,72.7,29.9,21.2,0.0,0.0,0.0,123.8,,,,,,,,,349.9,,,,,,,,,,12.0,24.0,18.0,,,,,,,,,,,,RDS_ESTIMADO,,,,,
2025-09-11,121.3,45.9,35.6,,6.5,70.9,29.2,21.2,0.0,0.0,0.0,121.3,,,,,,,,,359.6,,,,,,,,,,10.0,23.0,16.5,,,,,,,,,,,,RDS_ESTIMADO,,,,,
2025-09-12,117.5,42.4,35.0,,6.5,68.2,28.1,21.2,0.0,0.0,0.0,117.5,,,,,,,,,363.4,,,,,,,,,,10.0,21.0,15.5,,,,,,,,,,,,RDS_ESTIMADO,,,,,
2025-09-13,109.2,39.4,34.3,,5.0,62.4,25.6,21.2,0.0,0.0,0.0,109.2,,,,,,,,,361.7,,,,,,,,,,13.0,18.0,15.5,,,,,,,,,,,,RDS_ESTIMADO,,,,,
2025-09-14,109.6,39.2,33.2,,5.0,62.6,25.8,21.2,0.0,0.0,0.0,109.6,,,,,,,,,360.9,,,,,,,,,,12.0,23.0,17.5,,,,,,,,,,,,RDS_ESTIMADO,,,,,
2025-09-15,117.3,42.9,35.3,,2.0,68.1,28.0,21.2,0.0,0.0,0.0,117.3,,,,,,,,,361.2,,,,,,,,,,14.0,21.0,17.5,,,,,,,,,,,,RDS_ESTIMADO,,,,,
2025-09-16,115.3,37.7,35.1,,4.5,66.7,27.4,21.2,0.0,0.0,0.0,115.3,,,,,,,,,362.3,,,,,,,,,,11.0,21.0,16.0,,,,,,,,,,,,RDS_ESTIMADO,,,,,
2025-09-17,113.3,36.2,34.4,,4.5,65.3,26.8,21.2,0.0,0.0,0.0,113.3,,,,,,,,,363.0,,,,,,,,,,14.0,24.0,19.0,,,,,,,,,,,,RDS_ESTIMADO,,,,,
2025-09-18,112.7,35.7,34.7,,2.4,64.8,26.7,21.2,0.0,0.0,0.0,112.7,,,,,,,,,365.0,,,,,,,,,,17.0,22.0,19.5,,,,,,,,,,,,RDS_ESTIMADO,,,,,
2025-09-19,111.1,33.3,35.4,,0.9,63.7,26.2,21.2,0.0,0.0,0.0,111.1,,,,,,,,,365.2,,,,,,,,,,17.0,23.0,20.0,,,,,,,,,,,,RDS_ESTIMADO,,,,,
2025-09-20,109.7,35.4,33.9,,4.4,62.7,25.8,21.2,0.0,0.0,0.0,109.7,,,,,,,,,365.4,,,,,,,,,,15.0,19.0,17.0,,,,,,,,,,,,RDS_ESTIMADO,,,,,
2025-09-21,103.6,36.2,32.5,,4.4,58.4,24.0,21.2,0.0,0.0,0.0,103.6,,,,,,,,,367.3,,,,,,,,,,12.0,15.0,13.5,,,,,,,,,,,,RDS_ESTIMADO,,,,,
2025-09-22,117.1,44.6,32.7,,6.5,68.0,27.9,21.2,0.0,0.0,0.0,117.1,,,,,,,,,369.1,,,,,,,,,,9.0,19.0,14.0,,,,,,,,,,,,RDS_ESTIMADO,,,,,
2025-09-23,121.0,46.9,32.1,,5.0,70.7,29.1,21.2,0.0,0.0,0.0,121.0,,,,,,,,,366.8,,,,,,,,,,8.0,19.0,13.5,,,,,,,,,,,,RDS_ESTIMADO,,,,,
2025-09-24,116.1,44.2,32.3,,5.5,67.3,27.6,21.2,0.0,0.0,0.0,116.1,,,,,,,,,364.3,,,,,,,,,,9.0,17.0,13.0,,,,,,,,,,,,RDS_ESTIMADO,,,,,
2025-09-25,110.1,39.9,32.8,,5.5,63.0,25.9,21.2,0.0,0.0,0.0,110.1,,,,,,,,,358.9,,,,,,,,,,10.0,18.0,14.0,,,,,,,,,,,,RDS_ESTIMADO,,,,,
2025-09-26,109.5,39.3,32.6,,5.5,62.6,25.7,21.2,0.0,0.0,0.0,109.5,,,,,,,,,359.8,,,,,,,,,,12.0,22.0,17.0,,,,,,,,,,,,RDS_ESTIMADO,,,,,
2025-09-27,104.5,35.9,34.8,,4.1,59.0,24.3,21.2,0.0,0.0,0.0,104.5,,,,,,,,,362.6,,,,,,,,,,15.0,18.0,16.5,,,,,,,,,,,,RDS_ESTIMADO,,,,,
2025-09-28,97.6,33.3,34.3,,4.0,54.1,22.3,21.2,0.0,0.0,0.0,97.6,,,,,,,,,364.8,,,,,,,,,,11.0,22.0,16.5,,,,,,,,,,,,RDS_ESTIMADO,,,,,
2025-09-29,113.0,37.8,35.8,,4.5,65.1,26.7,21.2,0.0,0.0,0.0,113.0,,,,,,,,,370.0,,,,,,,,,,11.0,24.0,17.5,,,,,,,,,,,,RDS_ESTIMADO,,,,,
2025-09-30,108.4,33.9,35.0,,5.6,61.8,25.4,21.2,0.0,0.0,0.0,108.4,,,,,,,,,367.6,,,,,,,,,,14.0,22.0,18.0,,,,,,,,,,,,RDS_ESTIMADO,,,,,
2025-10-01,106.1,32.7,34.7,,6.7,60.2,24.7,21.2,0.0,0.0,0.0,106.1,,,,,,,,,368.5,,,,,,,,,,12.0,23.0,17.5,,,,,,,,,,,,RDS_ESTIMADO,,,,,
2025-10-02,100.9,28.4,35.3,,7.0,56.5,23.2,21.2,0.0,0.0,0.0,100.9,,,,,,,,,369.6,,,,,,,,,,15.0,24.0,19.5,,,,,,,,,,,,RDS_ESTIMADO,,,,,
2025-10-03,98.9,25.6,35.5,,7.5,55.1,22.6,21.2,0.0,0.0,0.0,98.9,,,,,,,,,372.3,,,,,,,,,,16.0,26.0,21.0,,,,,,,,,,,,RDS_ESTIMADO,,,,,
2025-10-04,100.0,24.6,35.4,,6.4,55.8,23.0,21.2,0.0,0.0,0.0,100.0,,,,,,,,,369.6,,,,,,,,,,19.0,29.0,24.0,,,,,,,,,,,,RDS_ESTIMADO,,,,,
2025-10-05,95.8,23.9,35.1,,6.4,52.9,21.7,21.2,0.0,0.0,0.0,95.8,,,,,,,,,364.4,,,,,,,,,,15.0,20.0,17.5,,,,,,,,,,,,RDS_ESTIMADO,,,,,
2025-10-06,114.2,34.8,37.0,,7.5,65.9,27.1,21.2,0.0,0.0,0.0,114.2,,,,,,,,,361.5,,,,,,,,,,9.0,18.0,13.5,,,,,,,,,,,,RDS_ESTIMADO,,,,,
2025-10-07,110.9,33.4,35.3,,7.3,63.6,26.1,21.2,0.0,0.0,0.0,110.9,,,,,,,,,356.1,,,,,,,,,,9.0,23.0,16.0,,,,,,,,,,,,RDS_ESTIMADO,,,,,
2025-10-08,104.9,28.2,37.0,,7.8,59.3,24.4,21.2,0.0,0.0,0.0,104.9,,,,,,,,,357.2,,,,,,,,,,14.0,26.0,20.0,,,,,,,,,,,,RDS_ESTIMADO,,,,,
2025-10-09,100.5,26.2,36.8,,6.3,56.2,23.1,21.2,0.0,0.0,0.0,100.5,,,,,,,,,363.1,,,,,,,,,,16.0,27.0,21.5,,,,,,,,,,,,RDS_ESTIMADO,,,,,
2025-10-10,98.4,22.6,35.9,,6.8,54.7,22.5,21.2,0.0,0.0,0.0,98.4,,,,,,,,,365.3,,,,,,,,,,17.0,29.0,23.0,,,,,,,,,,,,RDS_ESTIMADO,,,,,
2025-10-11,101.2,24.9,35.6,,6.8,56.7,23.3,21.2,0.0,0.0,0.0,101.2,,,,,,,,,364.7,,,,,,,,,,19.0,27.0,23.0,,,,,,,,,,,,RDS_ESTIMADO,,,,,
2025-10-12,94.8,23.6,35.3,,6.8,52.2,21.4,21.2,0.0,0.0,0.0,94.8,,,,,,,,,364.3,,,,,,,,,,14.0,18.0,16.0,,,,,,,,,,,,RDS_ESTIMADO,,,,,
2025-10-13,100.3,28.5,36.4,,4.8,56.1,23.0,21.2,0.0,0.0,0.0,100.3,,,,,,,,,368.4,,,,,,,,,,13.0,23.0,18.0,,,,,,,,,,,,RDS_ESTIMADO,,,,,
2025-10-14,101.7,26.9,36.3,,6.4,57.0,23.5,21.2,0.0,0.0,0.0,101.7,,,,,,,,,367.3,,,,,,,,,,15.0,24.0,19.5,,,,,,,,,,,,RDS_ESTIMADO,,,,,
2025-10-15,102.3,23.9,36.6,,8.1,57.5,23.6,21.2,0.0,0.0,0.0,102.3,,,,,,,,,365.0,,,,,,,,,,19.0,27.0,23.0,,,,,,,,,,,,RDS_ESTIMADO,,,,,
2025-10-16,108.4,25.3,36.5,,9.1,61.8,25.4,21.2,0.0,0.0,0.0,108.4,,,,,,,,,363.3,,,,,,,,,,18.0,28.0,23.0,,,,,,,,,,,,RDS_ESTIMADO,,,,,
2025-10-17,109.9,27.6,35.4,,9.3,62.9,25.8,21.2,0.0,0.0,0.0,109.9,,,,,,,,,356.6,,,,,,,,,,19.0,22.0,20.5,,,,,,,,,,,,RDS_ESTIMADO,,,,,
2025-10-18,95.4,23.5,33.6,,8.0,52.6,21.6,21.2,0.0,0.0,0.0,95.4,,,,,,,,,355.7,,,,,,,,,,11.0,22.0,16.5,,,,,,,,,,,,RDS_ESTIMADO,,,,,
2025-10-19,85.5,19.0,33.2,,8.5,45.6,18.7,21.2,0.0,0.0,0.0,85.5,,,,,,,,,357.4,,,,,,,,,,12.0,22.0,17.0,,,,,,,,,,,,RDS_ESTIMADO,,,,,
2025-10-20,97.4,23.3,34.0,,8.4,54.0,22.2,21.2,0.0,0.0,0.0,97.4,,,,,,,,,363.3,,,,,,,,,,15.0,25.0,20.0,,,,,,,,,,,,RDS_ESTIMADO,,,,,
2025-10-21,98.8,23.1,34.7,,7.199999999999999,55.0,22.6,21.2,0.0,0.0,0.0,98.8,,,,,,,,,365.7,,,,,,,,,,18.0,28.0,23.0,,,,,,,,,,,,RDS_ESTIMADO,,,,,
2025-10-22,104.4,24.1,35.5,,7.199999999999999,59.0,24.2,21.2,0.0,0.0,0.0,104.4,,,,,,,,,367.8,,,,,,,,,,19.0,26.0,22.5,,,,,,,,,,,,RDS_ESTIMADO,,,,,
2025-10-23,103.6,21.0,35.4,,7.7,58.4,24.0,21.2,0.0,0.0,0.0,103.6,,,,,,,,,364.2,,,,,,,,,,19.0,30.0,24.5,,,,,,,,,,,,RDS_ESTIMADO,,,,,
2025-10-24,106.8,24.7,34.7,,7.7,60.7,24.9,21.2,0.0,0.0,0.0,106.8,,,,,,,,,359.8,,,,,,,,,,20.0,23.0,21.5,,,,,,,,,,,,RDS_ESTIMADO,,,,,
2025-10-25,100.2,25.9,33.2,,7.1,56.0,23.0,21.2,0.0,0.0,0.0,100.2,,,,,,,,,358.8,,,,,,,,,,16.0,20.0,18.0,,,,,,,,,,,,RDS_ESTIMADO,,,,,
2025-10-26,88.5,24.9,32.9,,6.6,47.7,19.6,21.2,0.0,0.0,0.0,88.5,,,,,,,,,364.5,,,,,,,,,,5.0,23.0,14.0,,,,,,,,,,,,RDS_ESTIMADO,,,,,
2025-10-27,112.7,34.9,33.9,,7.6,64.8,26.7,21.2,0.0,0.0,0.0,112.7,,,,,,,,,369.8,,,,,,,,,,11.0,15.0,13.0,,,,,,,,,,,,RDS_ESTIMADO,,,,,
2025-10-28,115.3,37.0,33.8,,6.699999999999999,66.7,27.4,21.2,0.0,0.0,0.0,115.3,,,,,,,,,358.9,,,,,,,,,,8.0,16.0,12.0,,,,,,,,,,,,RDS_ESTIMADO,,,,,
2025-10-29,114.5,39.4,34.0,,6.699999999999999,66.1,27.2,21.2,0.0,0.0,0.0,114.5,,,,,,,,,355.0,,,,,,,,,,10.0,17.0,13.5,,,,,,,,,,,,RDS_ESTIMADO,,,,,
2025-10-30,108.7,32.9,33.5,,7.699999999999999,62.0,25.5,21.2,0.0,0.0,0.0,108.7,,,,,,,,,354.5,,,,,,,,,,13.0,19.0,16.0,,,,,,,,,,,,RDS_ESTIMADO,,,,,
2025-10-31,100.5,29.3,33.2,,6.699999999999999,56.2,23.1,21.2,0.0,0.0,0.0,100.5,,,,,,,,,355.9,,,,,,,,,,14.0,25.0,19.5,,,,,,,,,,,,RDS_ESTIMADO,,,,,
2025-11-01,92.5,25.0,31.8,,7.4,50.5,20.8,21.2,0.0,0.0,0.0,92.5,,,,,,,,,364.0,,,,,,,,,,15.0,28.0,21.5,,,,,,,,,,,,RDS_ESTIMADO,,,,,
2025-11-02,90.4,20.1,31.7,,7.4,49.0,20.2,21.2,0.0,0.0,0.0,90.4,,,,,,,,,367.2,,,,,,,,,,19.0,25.0,22.0,,,,,,,,,,,,RDS_ESTIMADO,,,,,
2025-11-03,99.9,22.5,32.9,,7.699999999999999,55.8,22.9,21.2,0.0,0.0,0.0,99.9,,,,,,,,,373.7,,,,,,,,,,18.0,29.0,23.5,,,,,,,,,,,,RDS_ESTIMADO,,,,,
2025-11-04,102.1,22.5,33.2,,9.2,57.3,23.6,21.2,0.0,0.0,0.0,102.1,,,,,,,,,371.0,,,,,,,,,,19.0,25.0,22.0,,,,,,,,,,,,RDS_ESTIMADO,,,,,
2025-11-05,105.5,27.5,34.5,,7.199999999999999,59.7,24.6,21.2,0.0,0.0,0.0,105.5,,,,,,,,,367.9,,,,,,,,,,14.0,21.0,17.5,,,,,,,,,,,,RDS_ESTIMADO,,,,,
2025-11-06,109.1,28.9,34.9,,8.2,62.3,25.6,21.2,0.0,0.0,0.0,109.1,,,,,,,,,367.8,,,,,,,,,,14.0,21.0,17.5,,,,,,,,,,,,RDS_ESTIMADO,,,,,
2025-11-07,107.4,27.9,34.8,,7.199999999999999,61.1,25.1,21.2,0.0,0.0,0.0,107.4,,,,,,,,,365.1,,,,,,,,,,14.0,18.0,16.0,,,,,,,,,,,,RDS_ESTIMADO,,,,,
2025-11-08,98.9,25.6,33.0,,7.4,55.1,22.6,21.2,0.0,0.0,0.0,98.9,,,,,,,,,357.9,,,,,,,,,,12.0,21.0,16.5,,,,,,,,,,,,RDS_ESTIMADO,,,,,
2025-11-09,91.2,22.0,32.7,,7.9,49.6,20.4,21.2,0.0,0.0,0.0,91.2,,,,,,,,,363.7,,,,,,,,,,12.0,26.0,19.0,,,,,,,,,,,,RDS_ESTIMADO,,,,,
2025-11-10,101.2,22.7,33.7,,8.2,56.7,23.3,21.2,0.0,0.0,0.0,101.2,,,,,,,,,375.0,,,,,,,,,,15.0,27.0,21.0,,,,,,,,,,,,RDS_ESTIMADO,,,,,
2025-11-11,98.7,22.4,33.6,,8.2,54.9,22.6,21.2,0.0,0.0,0.0,98.7,,,,,,,,,376.0,,,,,,,,,,18.0,27.0,22.5,,,,,,,,,,,,RDS_ESTIMADO,,,,,
2025-11-12,99.2,22.2,34.3,,8.4,55.3,22.7,21.2,0.0,0.0,0.0,99.2,,,,,,,,,375.4,,,,,,,,,,13.0,26.0,19.5,,,,,,,,,,,,RDS_ESTIMADO,,,,,
2025-11-13,101.4,22.9,34.3,,7.9,56.8,23.4,21.2,0.0,0.0,0.0,101.4,,,,,,,,,375.8,,,,,,,,,,13.0,27.0,20.0,,,,,,,,,,,,RDS_ESTIMADO,,,,,
2025-11-14,94.5,18.9,33.9,,7.4,51.9,21.4,21.2,0.0,0.0,0.0,94.5,,,,,,,,,379.6,,,,,,,,,,18.0,30.0,24.0,,,,,,,,,,,,RDS_ESTIMADO,,,,,
2025-11-15,92.1,16.7,33.1,,7.6,50.2,20.7,21.2,0.0,0.0,0.0,92.1,,,,,,,,,374.1,,,,,,,,,,18.0,31.0,24.5,,,,,,,,,,,,RDS_ESTIMADO,,,,,
2025-11-16,81.9,16.8,32.1,,6.1,43.0,17.7,21.2,0.0,0.0,0.0,81.9,,,,,,,,,369.9,,,,,,,,,,18.0,24.0,21.0,,,,,,,,,,,,RDS_ESTIMADO,,,,,
2025-11-17,91.2,21.2,33.9,,5.6,49.6,20.4,21.2,0.0,0.0,0.0,91.2,,,,,,,,,378.7,,,,,,,,,,11.0,24.0,17.5,,,,,,,,,,,,RDS_ESTIMADO,,,,,
2025-11-18,103.3,20.2,34.6,,8.4,58.2,23.9,21.2,0.0,0.0,0.0,103.3,,,,,,,,,382.5,,,,,,,,,,17.0,29.0,23.0,,,,,,,,,,,,RDS_ESTIMADO,,,,,
2025-11-19,109.2,22.6,35.0,,8.4,62.4,25.6,21.2,0.0,0.0,0.0,109.2,,,,,,,,,374.9,,,,,,,,,,16.0,25.0,20.5,,,,,,,,,,,,RDS_ESTIMADO,,,,,
2025-11-20,109.8,21.4,35.8,,8.4,62.8,25.8,21.2,0.0,0.0,0.0,109.8,,,,,,,,,365.7,,,,,,,,,,17.0,26.0,21.5,,,,,,,,,,,,RDS_ESTIMADO,,,,,
2025-11-21,102.9,19.4,35.2,,7.6,57.9,23.8,21.2,0.0,0.0,0.0,102.9,,,,,,,,,357.1,,,,,,,,,,15.0,23.0,19.0,,,,,,,,,,,,RDS_ESTIMADO,,,,,
2025-11-22,96.7,18.4,34.2,,8.6,53.5,22.0,21.2,0.0,0.0,0.0,96.7,,,,,,,,,349.3,,,,,,,,,,10.0,21.0,15.5,,,,,,,,,,,,RDS_ESTIMADO,,,,,
2025-11-23,86.0,15.7,33.7,,6.800000000000001,45.9,18.9,21.2,0.0,0.0,0.0,86.0,,,,,,,,,351.6,,,,,,,,,,12.0,24.0,18.0,,,,,,,,,,,,RDS_ESTIMADO,,,,,
2025-11-24,93.5,16.4,34.0,,8.7,51.2,21.1,21.2,0.0,0.0,0.0,93.5,,,,,,,,,368.4,,,,,,,,,,16.0,26.0,21.0,,,,,,,,,,,,RDS_ESTIMADO,,,,,
2025-11-25,105.9,16.5,35.1,,8.4,60.0,24.7,21.2,0.0,0.0,0.0,105.9,,,,,,,,,375.6,,,,,,,,,,16.0,29.0,22.5,,,,,,,,,,,,RDS_ESTIMADO,,,,,
2025-11-26,109.2,15.9,34.1,,8.4,62.4,25.6,21.2,0.0,0.0,0.0,109.2,,,,,,,,,370.0,,,,,,,,,,19.0,31.0,25.0,,,,,,,,,,,,RDS_ESTIMADO,,,,,
2025-11-27,115.8,16.7,35.3,,8.8,67.0,27.6,21.2,0.0,0.0,0.0,115.8,,,,,,,,,362.9,,,,,,,,,,21.0,32.0,26.5,,,,,,,,,,,,RDS_ESTIMADO,,,,,
2025-11-28,115.8,18.9,35.2,,9.1,67.0,27.6,21.2,0.0,0.0,0.0,115.8,,,,,,,,,355.7,,,,,,,,,,19.0,28.0,23.5,,,,,,,,,,,,RDS_ESTIMADO,,,,,
2025-11-29,113.8,18.9,34.1,,8.2,65.6,27.0,21.2,0.0,0.0,0.0,113.8,,,,,,,,,350.1,,,,,,,,,,17.0,20.0,18.5,,,,,,,,,,,,RDS_ESTIMADO,,,,,
2025-11-30,99.5,18.2,33.6,,8.1,55.5,22.8,21.2,0.0,0.0,0.0,99.5,,,,,,,,,345.1,,,,,,,,,,17.0,21.0,19.0,,,,,,,,,,,,RDS_ESTIMADO,,,,,
2025-12-01,108.9,18.9,34.8,,7.800000000000001,62.2,25.5,21.2,0.0,0.0,0.0,108.9,,,,,,,,,357.7,,,,,,,,,,17.0,23.0,20.0,,,,,,,,,,,,RDS_ESTIMADO,,,,,
2025-12-02,111.1,18.4,34.9,,7.800000000000001,63.7,26.2,21.2,0.0,0.0,0.0,111.1,,,,,,,,,358.2,,,,,,,,,,15.0,28.0,21.5,,,,,,,,,,,,RDS_ESTIMADO,,,,,
2025-12-03,116.1,16.9,35.8,,8.4,67.3,27.6,21.2,0.0,0.0,0.0,116.1,,,,,,,,,358.5,,,,,,,,,,18.0,29.0,23.5,,,,,,,,,,,,RDS_ESTIMADO,,,,,
2025-12-04,118.0,16.1,35.5,,7.1,68.6,28.2,21.2,0.0,0.0,0.0,118.0,,,,,,,,,358.7,,,,,,,,,,23.0,35.0,29.0,,,,,,,,,,,,RDS_ESTIMADO,,,,,
2025-12-05,125.6,15.7,35.3,,9.1,74.0,30.4,21.2,0.0,0.0,0.0,125.6,,,,,,,,,346.2,,,,,,,,,,24.0,35.0,29.5,,,,,,,,,,,,RDS_ESTIMADO,,,,,
2025-12-06,121.0,14.8,34.7,,8.5,70.7,29.1,21.2,0.0,0.0,0.0,121.0,,,,,,,,,341.1,,,,,,,,,,23.0,31.0,27.0,,,,,,,,,,,,RDS_ESTIMADO,,,,,
2025-12-07,103.9,13.6,34.9,,8.1,58.6,24.1,21.2,0.0,0.0,0.0,103.9,,,,,,,,,344.8,,,,,,,,,,18.0,27.0,22.5,,,,,,,,,,,,RDS_ESTIMADO,,,,,
2025-12-08,100.4,14.3,35.1,,7.6,56.1,23.1,21.2,0.0,0.0,0.0,100.4,,,,,,,,,357.6,,,,,,,,,,18.0,26.0,22.0,,,,,,,,,,,,RDS_ESTIMADO,,,,,
2025-12-09,110.6,17.2,35.6,,7.6,63.4,26.0,21.2,0.0,0.0,0.0,110.6,,,,,,,,,367.8,,,,,,,,,,20.0,25.0,22.5,,,,,,,,,,,,RDS_ESTIMADO,,,,,
2025-12-10,116.6,16.9,37.2,,7.6,67.6,27.8,21.2,0.0,0.0,0.0,116.6,,,,,,,,,361.5,,,,,,,,,,19.0,28.0,23.5,,,,,,,,,,,,RDS_ESTIMADO,,,,,
2025-12-11,125.1,16.1,37.5,,10.1,73.6,30.3,21.2,0.0,0.0,0.0,125.1,,,,,,,,,357.6,,,,,,,,,,18.0,32.0,25.0,,,,,,,,,,,,RDS_ESTIMADO,,,,,
2025-12-12,121.9,17.2,36.8,,7.4,71.4,29.3,21.2,0.0,0.0,0.0,121.9,,,,,,,,,355.1,,,,,,,,,,20.0,34.0,27.0,,,,,,,,,,,,RDS_ESTIMADO,,,,,
2025-12-13,108.1,15.1,35.6,,8.3,61.6,25.3,21.2,0.0,0.0,0.0,108.1,,,,,,,,,353.7,,,,,,,,,,22.0,34.0,28.0,,,,,,,,,,,,RDS_ESTIMADO,,,,,
2025-12-14,97.9,16.3,35.4,,6.3,54.4,22.3,21.2,0.0,0.0,0.0,97.9,,,,,,,,,356.1,,,,,,,,,,17.0,24.0,20.5,,,,,,,,,,,,RDS_ESTIMADO,,,,,
2025-12-15,115.1,21.8,36.4,,7.3,66.5,27.4,21.2,0.0,0.0,0.0,115.1,,,,,,,,,365.5,,,,,,,,,,16.0,28.0,22.0,,,,,,,,,,,,RDS_ESTIMADO,,,,,
2025-12-16,113.9,20.5,36.3,,7.5,65.7,27.0,21.2,0.0,0.0,0.0,113.9,,,,,,,,,366.2,,,,,,,,,,15.0,26.0,20.5,,,,,,,,,,,,RDS_ESTIMADO,,,,,
2025-12-17,108.3,16.3,35.6,,7.8999999999999995,61.7,25.4,21.2,0.0,0.0,0.0,108.3,,,,,,,,,368.2,,,,,,,,,,17.0,31.0,24.0,,,,,,,,,,,,RDS_ESTIMADO,,,,,
2025-12-18,120.1,17.3,37.4,,7.8999999999999995,70.1,28.8,21.2,0.0,0.0,0.0,120.1,,,,,,,,,371.6,,,,,,,,,,22.0,34.0,28.0,,,,,,,,,,,,RDS_ESTIMADO,,,,,
2025-12-19,121.4,16.6,37.3,,7.8999999999999995,71.0,29.2,21.2,0.0,0.0,0.0,121.4,,,,,,,,,368.6,,,,,,,,,,20.0,31.0,25.5,,,,,,,,,,,,RDS_ESTIMADO,,,,,
2025-12-20,112.4,13.2,35.5,,7.6,64.6,26.6,21.2,0.0,0.0,0.0,112.4,,,,,,,,,357.7,,,,,,,,,,24.0,27.0,25.5,,,,,,,,,,,,RDS_ESTIMADO,,,,,
2025-12-21,104.5,14.1,35.1,,7.6,59.0,24.3,21.2,0.0,0.0,0.0,104.5,,,,,,,,,358.9,,,,,,,,,,22.0,28.0,25.0,,,,,,,,,,,,RDS_ESTIMADO,,,,,
2025-12-22,117.7,17.2,36.4,,7.6,68.4,28.1,21.2,0.0,0.0,0.0,117.7,,,,,,,,,363.6,,,,,,,,,,22.0,29.0,25.5,,,,,,,,,,,,RDS_ESTIMADO,,,,,
2025-12-23,114.9,15.7,35.5,,4.5,66.4,27.3,21.2,0.0,0.0,0.0,114.9,,,,,,,,,360.1,,,,,,,,,,21.0,32.0,26.5,,,,,,,,,,,,RDS_ESTIMADO,,,,,
2025-12-24,108.5,14.9,33.7,,4.4,61.9,25.4,21.2,0.0,0.0,0.0,108.5,,,,,,,,,356.0,,,,,,,,,,21.0,34.0,27.5,,,,,,,,,,,,RDS_ESTIMADO,,,,,
2025-12-25,99.4,12.4,33.3,,3.4000000000000004,55.4,22.8,21.2,0.0,0.0,0.0,99.4,,,,,,,,,357.8,,,,,,,,,,20.0,30.0,25.0,,,,,,,,,,,,RDS_ESTIMADO,,,,,
2025-12-26,105.4,14.5,35.0,,3.4000000000000004,59.7,24.5,21.2,0.0,0.0,0.0,105.4,,,,,,,,,368.3,,,,,,,,,,19.0,33.0,26.0,,,,,,,,,,,,RDS_ESTIMADO,,,,,
2025-12-27,108.6,13.3,33.5,,4.4,61.9,25.5,21.2,0.0,0.0,0.0,108.6,,,,,,,,,362.8,,,,,,,,,,23.0,35.0,29.0,,,,,,,,,,,,RDS_ESTIMADO,,,,,
2025-12-28,108.3,10.9,33.4,,4.4,61.7,25.4,21.2,0.0,0.0,0.0,108.3,,,,,,,,,363.9,,,,,,,,,,24.0,32.0,28.0,,,,,,,,,,,,RDS_ESTIMADO,,,,,
2025-12-29,126.3,14.9,34.4,,6.0,74.5,30.6,21.2,0.0,0.0,0.0,126.3,,,,,,,,,364.4,,,,,,,,,,21.0,35.0,28.0,,,,,,,,,,,,RDS_ESTIMADO,,,,,
2025-12-30,126.5,12.7,35.6,,5.5,74.6,30.7,21.2,0.0,0.0,0.0,126.5,,,,,,,,,363.0,,,,,,,,,,25.0,37.0,31.0,,,,,,,,,,,,RDS_ESTIMADO,,,,,
2025-12-31,118.2,11.2,33.4,,5.3999999999999995,68.7,28.3,21.2,0.0,0.0,0.0,118.2,,,,,,,,,355.6,,,,,,,,,,27.0,39.0,33.0,,,,,,,,,,,,RDS_ESTIMADO,,,,,
2026-01-01,97.6,8.3,32.1,,5.3999999999999995,54.1,22.3,21.2,0.0,0.0,0.0,97.6,,,,,,,,,360.6,,,,,,,,,,20.0,29.0,24.5,,,,,,,,,,,,RDS_ESTIMADO,,,,,
2026-01-02,110.0,13.7,34.2,,5.3999999999999995,62.9,25.9,21.2,0.0,0.0,0.0,110.0,,,,,,,,,367.9,,,,,,,,,,19.0,28.0,23.5,,,,,,,,,,,,RDS_ESTIMADO,,,,,
2026-01-03,98.0,12.1,31.1,,5.4,54.4,22.4,21.2,0.0,0.0,0.0,98.0,,,,,,,,,364.1,,,,,,,,,,14.0,23.0,18.5,,,,,,,,,,,,RDS_ESTIMADO,,,,,
2026-01-04,88.8,11.1,31.1,,5.4,47.9,19.7,21.2,0.0,0.0,0.0,88.8,,,,,,,,,372.1,,,,,,,,,,13.0,25.0,19.0,,,,,,,,,,,,RDS_ESTIMADO,,,,,
2026-01-05,93.1,13.0,32.4,,5.3,51.0,20.9,21.2,0.0,0.0,0.0,93.1,,,,,,,,,379.2,,,,,,,,,,17.0,28.0,22.5,,,,,,,,,,,,RDS_ESTIMADO,,,,,
2026-01-07,104.1,13.4,34.0,,7.0,58.8,24.1,21.2,0.0,0.0,0.0,104.1,,,,,,,,,363.5,,,,,,,,,,19.0,28.0,23.5,,,,,,,,,,,,RDS_ESTIMADO,,,,,
2026-01-08,105.3,14.2,35.0,,6.8,59.6,24.5,21.2,0.0,0.0,0.0,105.3,,,,,,,,,360.5,,,,,,,,,,15.0,24.0,19.5,,,,,,,,,,,,RDS_ESTIMADO,,,,,
2026-01-09,99.1,14.2,33.6,,6.8,55.2,22.7,21.2,0.0,0.0,0.0,99.1,,,,,,,,,361.2,,,,,,,,,,18.0,25.0,21.5,,,,,,,,,,,,RDS_ESTIMADO,,,,,
2026-01-10,94.4,12.3,33.6,,6.3,51.9,21.3,21.2,0.0,0.0,0.0,94.4,,,,,,,,,363.5,,,,,,,,,,19.0,24.0,21.5,,,,,,,,,,,,RDS_ESTIMADO,,,,,
2026-01-11,83.5,10.9,32.6,,5.3,44.2,18.1,21.2,0.0,0.0,0.0,83.5,,,,,,,,,365.7,,,,,,,,,,15.0,30.0,22.5,,,,,,,,,,,,RDS_ESTIMADO,,,,,
2026-01-12,110.7,13.5,34.0,,6.8,63.4,26.1,21.2,0.0,0.0,0.0,110.7,,,,,,,,,364.2,,,,,,,,,,22.0,35.0,28.5,,,,,,,,,,,,RDS_ESTIMADO,,,,,
2026-01-13,119.9,13.1,34.5,,8.6,69.9,28.8,21.2,0.0,0.0,0.0,119.9,,,,,,,,,353.5,,,,,,,,,,25.0,33.0,29.0,,,,,,,,,,,,RDS_ESTIMADO,,,,,
2026-01-14,123.7,13.8,35.2,,7.7,72.6,29.9,21.2,0.0,0.0,0.0,123.7,,,,,,,,,348.2,,,,,,,,,,23.0,34.0,28.5,,,,,,,,,,,,RDS_ESTIMADO,,,,,
2026-01-15,123.5,14.2,34.5,,8.7,72.5,29.8,21.2,0.0,0.0,0.0,123.5,,,,,,,,,346.5,,,,,,,,,,25.0,33.0,29.0,,,,,,,,,,,,RDS_ESTIMADO,,,,,
2026-01-16,121.2,14.2,34.5,,8.2,70.9,29.1,21.2,0.0,0.0,0.0,121.2,,,,,,,,,341.2,,,,,,,,,,19.0,27.0,23.0,,,,,,,,,,,,RDS_ESTIMADO,,,,,
2026-01-17,114.4,13.3,35.0,,8.2,66.1,27.1,21.2,0.0,0.0,0.0,114.4,,,,,,,,,341.3,,,,,,,,,,23.0,34.0,28.5,,,,,,,,,,,,RDS_ESTIMADO,,,,,
2026-01-18,104.7,13.5,34.8,,8.2,59.2,24.3,21.2,0.0,0.0,0.0,104.7,,,,,,,,,345.8,,,,,,,,,,19.0,28.0,23.5,,,,,,,,,,,,RDS_ESTIMADO,,,,,
2026-01-19,113.0,15.1,35.6,,9.2,65.1,26.7,21.2,0.0,0.0,0.0,113.0,,,,,,,,,360.1,,,,,,,,,,15.0,25.0,20.0,,,,,,,,,,,,RDS_ESTIMADO,,,,,
2026-01-20,111.6,14.3,36.0,,8.7,64.1,26.3,21.2,0.0,0.0,0.0,111.6,,,,,,,,,361.2,,,,,,,,,,19.0,29.0,24.0,,,,49.99,0.0,0.0,0.0,,,,,RDS_ESTIMADO,,,,,
2026-01-21,117.2,14.5,36.8,,9.4,68.0,28.0,21.2,0.0,0.0,0.0,117.2,,,,,,,,,359.0,,,,,,,,,,20.0,31.0,25.5,,,,51.621,0.0,0.0,0.0,,,,,RDS_ESTIMADO,,,,,
2026-01-22,121.0,14.6,36.1,,8.7,70.7,29.1,21.2,0.0,0.0,0.0,121.0,,,,,,,,,355.6,,,,,,,,,,22.0,31.0,26.5,,,,59.865,0.0,0.0,0.0,,,,,RDS_ESTIMADO,,,,,
2026-01-23,127.1,14.1,36.5,,10.2,75.1,30.8,21.2,0.0,0.0,0.0,127.1,,,,,,,,,351.6,,,,,,,,,,22.0,32.0,27.0,,,,65.683,0.0,0.0,0.448,,,,,RDS_ESTIMADO,,,,,
2026-01-24,120.2,12.2,35.5,,10.4,70.2,28.8,21.2,0.0,0.0,0.0,120.2,,,,,,,,,345.4,,,,,,,,,,24.0,33.0,28.5,,,,58.479,0.0,0.0,1.071,,,,,RDS_ESTIMADO,,,,,
2026-01-25,113.5,10.9,35.2,,9.8,65.4,26.9,21.2,0.0,0.0,0.0,113.5,,,,,,,,,347.1,,,,,,,,,,25.0,34.0,29.5,,,,54.92,0.0,0.0,1.721,,,,,RDS_ESTIMADO,,,,,
2026-01-26,131.1,14.0,37.0,,10.299999999999999,77.9,32.0,21.2,0.0,0.0,0.0,131.1,,,,,,,,,358.6,,,,,,,,,,26.0,36.0,31.0,,,,65.335,0.0,0.01,1.996,,,,,RDS_ESTIMADO,,,,,
2026-01-27,131.6,14.0,36.6,,11.6,78.2,32.2,21.2,0.0,0.0,0.0,131.6,,,,,,,,,357.6,,,,,,,,,,22.0,33.0,27.5,,,,67.172,0.0,0.0,2.036,,,,,RDS_ESTIMADO,,,,,
2026-01-28,132.2,14.8,36.3,,12.2,78.7,32.3,21.2,0.0,0.0,0.0,132.2,,,,,,,,,351.5,,,,,,,,,,21.0,30.0,25.5,,,,66.925,0.0,0.0,1.712,,,,,RDS_ESTIMADO,,,,,
2026-01-29,133.3,15.0,36.5,,12.1,79.4,32.7,21.2,0.0,0.0,0.0,133.3,,,,,,,,,348.7,,,,,,,,,,21.0,30.0,25.5,,,,66.68,0.0,0.0,1.93,,,,,RDS_ESTIMADO,,,,,
2026-01-30,132.9,15.4,36.3,,12.299999999999999,79.2,32.5,21.2,0.0,0.0,0.0,132.9,,,,,,,,,345.2,,,,,,,,,,23.0,30.0,26.5,,,,67.103,0.0,0.013,2.039,,,,,RDS_ESTIMADO,,,,,
2026-01-31,125.7,13.2,34.8,,12.1,74.1,30.4,21.2,0.0,0.0,0.0,125.7,,,,,,,,,340.9,,,,,,,,,,22.0,29.0,25.5,,,,58.937,0.0,0.0,1.944,,,,,RDS_ESTIMADO,,,,,
2026-02-01,120.3,11.4,34.2,,11.3,70.2,28.9,21.2,0.0,0.0,0.0,120.3,,,,,,,,,346.1,,,,,,,,,,22.0,31.0,26.5,,,,55.439,0.0,0.0,1.852,,,,,RDS_ESTIMADO,,,,,
2026-02-02,130.0,15.3,35.9,,11.8,77.1,31.7,21.2,0.0,0.0,0.0,130.0,,,,,,,,,350.5,,,,,,,,,,23.0,34.0,28.5,,,,63.35,0.0,0.0,1.966,,,,,RDS_ESTIMADO,,,,,
2026-02-03,134.1,13.8,36.3,,10.6,80.0,32.9,21.2,0.0,0.0,0.0,134.1,,,,,,,,,351.2,,,,,,,,,,25.0,36.0,30.5,,,,69.705,0.0,0.0,2.077,,,,,RDS_ESTIMADO,,,,,
2026-02-04,131.8,14.7,36.9,,10.6,78.4,32.2,21.2,0.0,0.0,0.0,131.8,,,,,,,,,348.1,,,,,,,,,,23.0,32.0,27.5,,,,63.48,0.0,0.0,2.102,,,,,RDS_ESTIMADO,,,,,
2026-02-05,129.9,14.7,36.3,,11.1,77.0,31.7,21.2,0.0,0.0,0.0,129.9,,,,,,,,,342.8,,,,,,,,,,23.0,31.0,27.0,,,,62.814,0.257,0.0,1.906,,,,,RDS_ESTIMADO,,,,,
2026-02-06,127.3,16.2,37.2,,12.399999999999999,75.2,30.9,21.2,0.0,0.0,0.0,127.3,,,,,,,,,342.8,,,,,,,,,,18.0,28.0,23.0,,,,55.784,0.0,0.0,1.862,,,,,RDS_ESTIMADO,,,,,
2026-02-07,120.0,13.3,36.0,,9.2,70.0,28.8,21.2,0.0,0.0,0.0,120.0,,,,,,,,,343.6,,,,,,,,,,17.0,32.0,24.5,,,,56.249,0.0,0.0,1.597,,,,,RDS_ESTIMADO,,,,,
2026-02-08,109.2,11.9,35.3,,8.7,62.4,25.6,21.2,0.0,0.0,0.0,109.2,,,,,,,,,348.2,,,,,,,,,,22.0,31.0,26.5,,,,53.332,0.0,0.0,1.577,,,,,RDS_ESTIMADO,,,,,
2026-02-09,122.0,14.7,36.7,,9.3,71.4,29.4,21.2,0.0,0.0,0.0,122.0,,,,,,,,,354.4,,,,,,,,,,22.0,31.0,26.5,,,,63.89,0.0,0.0,1.823,,,,,RDS_ESTIMADO,,,,,
2026-02-10,130.5,14.9,36.2,,10.7,77.5,31.8,21.2,0.0,0.0,0.0,130.5,,,,,,,,,351.8,,,,,,,,,,22.0,34.0,28.0,,,,66.309,0.0,0.0,2.024,,,,,RDS_ESTIMADO,,,,,
2026-02-11,128.1,16.3,35.8,,10.6,75.8,31.1,21.2,0.0,0.0,0.0,128.1,,,,,,,,,345.4,,,,,,,,,,23.0,31.0,27.0,,,,62.992,0.0,0.0,0.0,,,,,RDS_ESTIMADO,,,,,
2026-02-12,124.1,17.0,35.1,,10.6,72.9,30.0,21.2,0.0,0.0,0.0,124.1,,,,,,,,,343.4,,,,,,,,,,21.0,28.0,24.5,,,,58.941,0.0,0.0,0.0,,,,,RDS_ESTIMADO,,,,,
2026-02-13,126.4,19.1,36.1,,10.8,74.6,30.6,21.2,0.0,0.0,0.0,126.4,,,,,,,,,340.4,,,,,,,,,,17.0,27.0,22.0,,,,53.544,0.0,0.0,0.0,,,,,RDS_ESTIMADO,,,,,
2026-02-14,105.8,15.4,35.4,,8.8,60.0,24.6,21.2,0.0,0.0,0.0,105.8,,,,,,,,,339.5,,,,,,,,,,18.0,26.0,22.0,,,,43.396,0.0,0.0,0.0,,,,,RDS_ESTIMADO,,,,,
2026-02-15,103.6,12.7,34.8,,9.0,58.4,24.0,21.2,0.0,0.0,0.0,103.6,,,,,,,,,345.6,,,,,,,,,,22.0,27.0,24.5,,,,46.236,0.0,0.0,0.0,,,,,RDS_ESTIMADO,,,,,
2026-02-16,108.9,12.6,34.9,,8.8,62.2,25.5,21.2,0.0,0.0,0.0,108.9,,,,,,,,,353.7,,,,,,,,,,20.0,30.0,25.0,,,,48.014,0.0,0.0,0.0,,,,,RDS_ESTIMADO,,,,,
2026-02-17,111.9,12.4,35.0,,9.8,64.3,26.4,21.2,0.0,0.0,0.0,111.9,,,,,,,,,359.8,,,,,,,,,,22.0,30.0,26.0,,,,51.941,0.0,0.0,0.0,,,,,RDS_ESTIMADO,,,,,
2026-02-18,129.3,14.3,35.8,,8.5,76.6,31.5,21.2,0.0,0.0,0.0,129.3,,,,,,,,,362.6,,,,,,,,,,21.0,31.0,26.0,,,,68.142,0.0,0.0,0.0,,,,,RDS_ESTIMADO,,,,,
2026-02-19,133.6,15.3,35.9,,11.5,79.7,32.7,21.2,0.0,0.0,0.0,133.6,,,,,,,,,344.9,,,,,,,,,,23.0,29.0,26.0,,,,63.748,0.0,0.0,0.0,,,,,RDS_ESTIMADO,,,,,
2026-02-20,128.5,15.4,37.3,,11.0,76.0,31.3,21.2,0.0,0.0,0.0,128.5,,,,,,,,,342.5,,,,,,,,,,19.0,28.0,23.5,,,,58.859,0.0,0.0,0.0,,,,,RDS_ESTIMADO,,,,,
2026-02-21,114.6,13.4,35.9,,10.299999999999999,66.2,27.2,21.2,0.0,0.0,0.0,114.6,,,,,,,,,340.8,,,,,,,,,,20.0,28.0,24.0,,,,50.831,0.0,0.0,0.0,,,,,RDS_ESTIMADO,,,,,
2026-02-22,110.3,12.2,35.4,,9.8,63.1,26.0,21.2,0.0,0.0,0.0,110.3,,,,,,,,,344.1,,,,,,,,,,21.0,28.0,24.5,,,,49.469,0.0,0.0,0.0,,,,,RDS_ESTIMADO,,,,,
2026-02-23,123.3,14.9,36.7,,9.8,72.4,29.7,21.2,0.0,0.0,0.0,123.3,,,,,,,,,351.3,,,,,,,,,,22.0,29.0,25.5,,,,60.91,0.0,0.0,0.0,,,,,RDS_ESTIMADO,,,,,
2026-02-24,126.4,15.8,37.4,,9.2,74.6,30.6,21.2,0.0,0.0,0.0,126.4,,,,,,,,,343.7,,,,,,,,,,21.0,32.0,26.5,,,,58.956,0.0,0.0,0.0,,,,,RDS_ESTIMADO,,,,,
2026-02-25,123.2,17.1,36.8,,9.7,72.3,29.7,21.2,0.0,0.0,0.0,123.2,,,,,,,,,334.6,,,,,,,,,,15.0,26.0,20.5,,,,53.867,0.0,0.01,0.0,,,,,RDS_ESTIMADO,,,,,
2026-02-26,121.3,16.8,36.7,,11.0,70.9,29.2,21.2,0.0,0.0,0.0,121.3,,,,,,,,,331.7,,,,,,,,,,16.0,26.0,21.0,,,,50.992,0.0,0.0,0.0,,,,,RDS_ESTIMADO,,,,,
2026-02-27,119.4,15.7,36.8,,10.4,69.6,28.6,21.2,0.0,0.0,0.0,119.4,,,,,,,,,329.7,,,,,,,,,,20.0,28.0,24.0,,,,50.434,0.0,0.0,0.0,,,,,RDS_ESTIMADO,,,,,
2026-02-28,114.7,12.7,35.4,,9.8,66.3,27.2,21.2,0.0,0.0,0.0,114.7,,,,,,,,,330.0,,,,,,,,,,21.0,31.0,26.0,,,,48.217,0.0,0.0,0.0,,,,,RDS_ESTIMADO,,,,,
2026-03-01,106.9,11.4,35.2,,9.8,60.7,25.0,21.2,0.0,0.0,0.0,106.9,,,,,,,,,340.3,,,,,,,,,,20.0,32.0,26.0,,,,47.696,0.0,0.0,0.0,,,,,RDS_ESTIMADO,,,,,
2026-03-02,127.7,14.7,36.1,,9.8,75.5,31.0,21.2,0.0,0.0,0.0,127.7,,,,,,,,,352.7,,,,,,,,,,22.0,31.0,26.5,,,,62.601,0.0,0.0,0.0,,,,,RDS_ESTIMADO,,,,,
2026-03-03,128.4,16.2,36.3,,11.1,76.0,31.2,21.2,0.0,0.0,0.0,128.4,,,,,,,,,350.1,,,,,,,,,,20.0,28.0,24.0,,,,58.79,0.0,0.0,0.0,,,,,RDS_ESTIMADO,,,,,
2026-03-04,126.8,17.5,36.7,,11.0,74.8,30.8,21.2,0.0,0.0,0.0,126.8,,,,,,,,,349.2,,,,,,,,,,19.0,29.0,24.0,,,,55.628,0.0,0.0,0.0,,,,,RDS_ESTIMADO,,,,,
2026-03-05,120.0,20.3,36.8,,10.100000000000001,70.0,28.8,21.2,0.0,0.0,0.0,120.0,,,,,,,,,348.8,,,,,,,,,,19.0,26.0,22.5,,,,56.032,0.0,0.0,0.0,,,,,RDS_ESTIMADO,,,,,
2026-03-06,123.1,19.6,36.7,,9.8,72.2,29.7,21.2,0.0,0.0,0.0,123.1,,,,,,,,,343.0,,,,,,,,,,21.0,25.0,23.0,,,,52.977,0.0,0.0,0.0,,,,,RDS_ESTIMADO,,,,,
2026-03-07,110.3,15.8,35.8,,9.8,63.1,26.0,21.2,0.0,0.0,0.0,110.3,,,,,,,,,341.1,,,,,,,,,,20.0,25.0,22.5,,,,44.855,0.0,0.0,0.0,,,,,RDS_ESTIMADO,,,,,
2026-03-08,98.1,14.8,35.0,,9.7,54.5,22.4,21.2,0.0,0.0,0.0,98.1,,,,,,,,,349.9,,,,,,,,,,19.0,24.0,21.5,,,,37.7,0.0,0.0,0.0,,,,,RDS_ESTIMADO,,,,,
2026-03-09,116.2,17.8,35.7,,10.8,67.3,27.7,21.2,0.0,0.0,0.0,116.2,,,,,,,,,363.4,,,,,,,,,,18.0,25.0,21.5,,,,45.839,0.0,0.0,0.0,,,,,RDS_ESTIMADO,,,,,
2026-03-10,120.7,17.7,36.0,,10.4,70.5,29.0,21.2,0.0,0.0,0.0,120.7,,,,,,,,,362.3,,,,,,,,,,18.0,25.0,21.5,,,,54.51,0.0,0.0,0.0,,,,,RDS_ESTIMADO,,,,,
2026-03-11,121.9,17.3,36.7,,11.0,71.4,29.3,21.2,0.0,0.0,0.0,121.9,,,,,,,,,358.2,,,,,,,,,,19.0,26.0,22.5,,,,48.787,0.0,0.0,0.0,,,,,RDS_ESTIMADO,,,,,
2026-03-12,122.9,17.2,37.4,,11.3,72.1,29.6,21.2,0.0,0.0,0.0,122.9,,,,,,,,,361.1,,,,,,,,,,21.0,26.0,23.5,,,,51.395,0.0,0.0,0.0,,,,,RDS_ESTIMADO,,,,,
2026-03-13,124.8,18.4,36.1,,11.3,73.4,30.2,21.2,0.0,0.0,0.0,124.8,,,,,,,,,361.4,,,,,,,,,,19.0,27.0,23.0,,,,52.319,0.0,0.0,0.0,,,,,RDS_ESTIMADO,,,,,
2026-03-14,116.8,15.9,35.9,,10.0,67.8,27.8,21.2,0.0,0.0,0.0,116.8,,,,,,,,,355.0,,,,,,,,,,20.0,27.0,23.5,,,,49.639,0.0,0.0,0.0,,,,,RDS_ESTIMADO,,,,,
2026-03-15,115.6,15.0,35.6,,11.0,66.9,27.5,21.2,0.0,0.0,0.0,115.6,,,,,,,,,359.5,,,,,,,,,,19.0,32.0,25.5,,,,44.963,0.0,0.0,0.0,,,,,RDS_ESTIMADO,,,,,
2026-03-16,127.5,16.8,36.3,,9.8,75.3,31.0,21.2,0.0,0.0,0.0,127.5,,,,,,,,,363.3,,,,,,,,,,24.0,29.0,26.5,,,,59.653,0.0,0.0,0.0,,,,,RDS_ESTIMADO,,,,,
2026-03-17,127.3,19.7,37.1,,11.799999999999999,75.2,30.9,21.2,0.0,0.0,0.0,127.3,,,,,,,,,354.6,,,,,,,,,,21.0,28.0,24.5,,,,56.662,0.0,0.0,0.0,,,,,RDS_ESTIMADO,,,,,
2026-03-18,126.2,19.7,37.4,,11.6,74.4,30.6,21.2,0.0,0.0,0.0,126.2,,,,,,,,,342.2,,,,,,,,,,16.0,26.0,21.0,,,,51.25,0.0,0.0,0.0,,,,,RDS_ESTIMADO,,,,,
2026-03-19,126.1,21.3,38.1,,11.0,74.3,30.6,21.2,0.0,0.0,0.0,126.1,,,,,,,,,334.4,,,,,,,,,,18.0,25.0,21.5,,,,51.093,0.0,0.0,0.0,,,,,RDS_ESTIMADO,,,,,
2026-03-20,127.9,21.6,37.3,,10.7,75.6,31.1,21.2,0.0,0.0,0.0,127.9,,,,,,,,,330.3,,,,,,,,,,20.0,27.0,23.5,,,,51.587,0.0,0.0,0.0,,,,,RDS_ESTIMADO,,,,,
2026-03-21,113.5,19.9,36.0,,10.299999999999999,65.4,26.9,21.2,0.0,0.0,0.0,113.5,,,,,,,,,329.8,,,,,,,,,,19.0,24.0,21.5,,,,43.739,0.0,0.0,0.0,,,,,RDS_ESTIMADO,,,,,
2026-03-22,110.8,20.1,36.1,,10.799999999999999,63.5,26.1,21.2,0.0,0.0,0.0,110.8,,,,,,,,,340.1,,,,,,,,,,13.0,24.0,18.5,,,,38.738,0.0,0.0,0.0,,,,,RDS_ESTIMADO,,,,,
2026-03-23,111.3,22.6,35.7,,10.899999999999999,63.9,26.2,21.2,0.0,0.0,0.0,111.3,,,,,,,,,351.4,,,,,,,,,,17.0,23.0,20.0,,,,40.594,0.0,0.0,0.0,,,,,RDS_ESTIMADO,,,,,
2026-03-24,111.7,21.5,36.0,,10.7,64.1,26.4,21.2,0.0,0.0,0.0,111.7,,,,,,,,,354.0,,,,,,,,,,10.0,23.0,16.5,,,,39.527,0.0,0.0,0.0,,,,,RDS_ESTIMADO,,,,,
2026-03-25,126.5,24.4,37.9,,10.899999999999999,74.6,30.7,21.2,0.0,0.0,0.0,126.5,,,,,,,,,354.4,,,,,,,,,,12.0,25.0,18.5,,,,45.162,0.0,0.0,0.0,,,,,RDS_ESTIMADO,,,,,
2026-03-26,121.1,23.3,37.9,,8.1,70.8,29.1,21.2,0.0,0.0,0.0,121.1,,,,,,,,,351.7,,,,,,,,,,15.0,27.0,21.0,,,,49.327,0.0,0.0,0.0,,,,,RDS_ESTIMADO,,,,,
2026-03-27,123.7,22.0,38.3,,9.4,72.6,29.9,21.2,0.0,0.0,0.0,123.7,,,,,,,,,344.8,,,,,,,,,,20.0,27.0,23.5,,,,52.477,0.097,0.0,0.0,,,,,RDS_ESTIMADO,,,,,
2026-03-28,116.0,17.3,38.0,,10.1,67.2,27.6,21.2,0.0,0.0,0.0,116.0,,,,,,,,,335.5,,,,,,,,,,21.0,27.0,24.0,,,,50.204,0.107,0.0,0.0,,,,,RDS_ESTIMADO,,,,,
2026-03-29,122.1,16.2,37.8,,10.1,71.5,29.4,21.2,0.0,0.0,0.0,122.1,,,,,,,,,338.0,,,,,,,,,,21.0,29.0,25.0,,,,49.078,0.142,0.0,0.0,,,,,RDS_ESTIMADO,,,,,
2026-03-30,127.0,18.8,38.5,,10.3,75.0,30.8,21.2,0.0,0.0,0.0,127.0,,,,,,,,,350.3,,,,,,,,,,21.0,29.0,25.0,,,,53.83,8.23,1.31,0.0,63.37,,,,RDS_ESTIMADO,,,,,
2026-03-31,127.7,18.8,37.9,,11.8,75.5,31.0,21.2,0.0,0.0,0.0,127.7,,,,,,,,,352.3,,,,,,,,,,22.0,29.0,25.5,,,,55.31,13.89,1.18,1.05,71.43,,,,RDS_ESTIMADO,,,,,
2026-04-01,130.0,19.2,37.8,54.4,11.3,69.3,34.3,22.8,20.9,1.9,0.0,126.4,217.8,,215.0,235.0,124.89,,110.0,142.0,342.69,,325.0,377.0,0.0,0.0,0.0,0.0,0.0,0.0,21.0,28.0,24.5,0.0,13.0,6.5,58.69,10.51,0.8,1.8,71.8,,,,RDS_ESTIMADO,,,,,
2026-04-02,127.8,18.2,37.0,49.5,11.100000000000001,67.4,34.0,19.5,19.5,0.0,0.0,120.9,216.66,,215.0,235.0,126.04,,110.0,142.0,342.7,,325.0,377.0,0.0,0.0,0.0,0.0,0.0,0.0,20.0,26.0,23.0,0.0,15.0,7.5,58.02,0.11,0.0,1.76,59.89,,,,RDS_ESTIMADO,,,,,
2026-04-03,122.5,19.0,36.7,44.8,11.100000000000001,65.9,32.1,19.1,19.1,0.0,0.0,117.1,215.09,,215.0,235.0,129.32,,110.0,142.0,344.41,,325.0,377.0,0.0,0.0,0.0,0.0,0.0,0.0,19.0,29.0,24.0,3.0,13.0,8.0,50.21,0.13,0.0,1.81,52.15,,,,RDS_ESTIMADO,,,,,
2026-04-04,116.9,21.8,37.1,36.1,11.100000000000001,65.3,32.6,20.1,20.1,0.0,0.0,118.0,220.23,,215.0,235.0,132.94,,110.0,142.0,353.17,,325.0,377.0,0.0,0.0,0.0,0.0,0.0,0.0,14.0,19.0,16.5,0.0,17.0,8.5,42.33,0.12,0.01,1.9,44.35,,,,RDS_ESTIMADO,,,,,
2026-04-05,120.4,23.8,33.5,29.0,8.9,52.7,35.1,20.2,20.2,1.9,0.0,108.0,220.85,0.62,215.0,235.0,134.45,1.51,110.0,142.0,355.3,2.13,325.0,377.0,0.0,0.0,0.0,0.0,0.0,0.0,12.0,19.0,15.5,4.0,17.0,10.5,33.26,0.07,0.0,2.02,35.35,4.5,6.2,,PS_REAL,,,,,
2026-04-06,136.2,28.2,37.2,37.7,10.9,66.8,33.3,20.2,20.2,1.3,0.0,120.4,225.25,4.4,215.0,235.0,130.12,-4.33,110.0,142.0,355.37,0.07,325.0,377.0,0.0,0.0,0.0,0.0,0.0,0.0,15.0,17.0,16.0,1.0,17.0,9.0,41.06,0.39,0.0,1.92,43.37,5.3,2.3,,PS_REAL,,,,,
2026-04-07,142.0,29.4,37.9,39.3,11.2,70.0,34.8,20.9,20.9,1.4,0.0,125.7,227.73,2.48,215.0,235.0,127.75,-2.37,110.0,142.0,355.48,0.11,325.0,377.0,0.0,0.0,0.0,0.0,0.0,0.0,17.0,18.0,17.5,5.0,17.0,11.0,44.13,0.14,0.0,2.02,46.29,5.3,3.5,,PS_REAL,,,,,
2026-04-08,142.8,28.3,39.2,39.4,11.100000000000001,69.9,36.3,20.8,20.8,1.3,0.0,127.0,228.5,0.77,215.0,235.0,127.13,-0.62,110.0,142.0,355.63,0.15,325.0,377.0,0.0,0.0,0.0,0.0,0.0,0.0,14.0,19.0,16.5,2.0,18.0,10.0,43.41,0.73,0.0,1.29,45.43,5.4,3.8,,PS_REAL,,,,,
2026-04-09,125.3,27.9,37.7,37.2,11.200000000000001,70.1,36.6,20.5,20.5,0.7,0.0,127.2,226.87,-1.63,215.0,235.0,130.64,3.5,110.0,142.0,357.51,1.87,325.0,377.0,0.0,0.0,0.0,0.0,0.0,0.0,13.0,20.0,16.5,2.0,19.0,10.5,44.04,0.02,0.0,0.0,44.06,5.5,3.9,1.8,PS_REAL,,,,,
2026-04-10,124.2,27.8,38.2,35.1,10.8,71.3,33.3,20.3,20.3,0.0,0.0,124.9,229.32,2.45,215.0,235.0,130.56,-0.08,110.0,142.0,359.88,2.37,325.0,377.0,0.0,0.0,0.0,0.0,0.0,0.0,11.0,21.0,16.0,3.0,20.0,11.5,39.45,0.79,0.0,0.0,40.24,5.5,3.9,,PS_PROYECCION,,,,,
2026-04-11,110.0,22.3,37.7,27.2,11.5,71.6,34.0,16.0,16.0,0.0,0.0,121.6,235.81,6.49,215.0,235.0,134.07,3.52,110.0,142.0,369.88,10.01,325.0,377.0,0.0,0.0,0.0,0.0,0.0,0.0,12.0,21.0,16.5,6.0,14.0,10.0,30.95,0.09,0.0,0.0,31.04,5.3,3.8,,PS_PROYECCION,,,,,
2026-04-12,122.3,22.2,37.2,27.8,11.1,64.8,33.5,10.8,10.8,0.0,0.0,109.1,235.46,-235.81,215.0,235.0,,-134.07,110.0,142.0,369.9,-369.88,325.0,377.0,0.0,0.0,0.0,0.0,0.0,0.0,13.0,22.0,17.5,3.0,13.0,8.0,32.19,0.04,0.0,0.0,32.23,4.5,3.4,,PS_REAL,,,,,
2026-04-13,127.0,23.8,38.7,30.0,9.2,59.5,32.5,13.8,13.8,0.0,0.0,105.9,230.48,,215.0,235.0,,,110.0,142.0,371.6,,325.0,377.0,0.0,0.0,0.0,0.0,0.0,0.0,17.0,21.0,19.0,2.0,18.0,10.0,40.34,0.11,0.0,0.0,40.44,5.3,3.2,,PS_REAL,,,,,
2026-04-14,132.9,24.1,37.5,35.5,10.9,58.7,31.3,19.1,19.1,0.0,0.0,109.1,225.81,,215.0,235.0,,,110.0,142.0,366.5,,325.0,377.0,0.0,0.0,0.0,0.0,0.0,0.0,18.0,24.0,21.0,4.0,14.0,9.0,40.59,0.11,0.0,0.0,40.7,5.3,3.5,,PS_REAL,,,,,
2026-04-15,134.7,24.3,38.2,37.0,9.6,61.4,32.6,18.6,18.6,0.0,0.0,112.6,220.03,,215.0,235.0,,,110.0,142.0,358.2,,325.0,377.0,0.0,0.0,0.0,0.0,0.0,0.0,20.0,22.0,21.0,1.0,18.0,9.5,40.6,0.11,0.0,0.0,40.71,5.4,4.3,,PS_REAL,,,,,
2026-04-16,135.9,24.8,39.2,38.2,8.8,63.3,34.0,19.9,19.9,0.0,0.0,117.2,208.09,,215.0,235.0,,,110.0,142.0,351.7,,325.0,377.0,0.0,0.0,0.0,0.0,0.0,0.0,19.0,25.0,22.0,9.0,16.0,12.5,40.59,0.11,0.0,0.0,40.7,5.6,3.6,,PS_REAL,,,,,
2026-04-17,124.4,25.4,39.7,39.3,10.799999999999999,62.9,31.8,17.0,17.0,0.0,0.0,111.7,216.02,,215.0,235.0,,,110.0,142.0,348.2,,325.0,377.0,0.0,0.0,0.0,0.0,0.0,0.0,17.0,24.0,20.5,7.0,17.0,12.0,40.31,0.12,0.0,0.0,40.43,,,,RDS_ESTIMADO,,,,,
2026-04-18,117.1,24.2,38.1,35.0,10.5,62.9,31.8,17.0,17.0,0.0,0.0,111.7,216.08,,215.0,235.0,,,110.0,142.0,347.9,,325.0,377.0,0.0,0.0,0.0,0.0,0.0,0.0,15.0,22.0,18.5,2.0,13.0,7.5,37.98,0.06,0.0,0.0,38.04,,,,RDS_ESTIMADO,,,,,
2026-04-19,130.2,25.3,37.3,35.1,9.8,68.7,31.8,20.3,20.3,0.0,0.0,120.8,217.81,,215.0,235.0,,,110.0,142.0,349.2,,325.0,377.0,0.0,0.0,0.0,0.0,0.0,0.0,16.0,22.0,19.0,2.0,9.0,5.5,33.98,0.01,0.0,0.0,34.0,4.5,3.6,,PS_REAL,,,,,
2026-04-20,143.9,32.1,39.5,40.5,5.9,70.3,28.9,20.9,20.9,0.0,0.0,120.1,213.01,,215.0,235.0,,,110.0,142.0,355.1,,325.0,377.0,0.0,0.0,0.0,0.0,0.0,0.0,13.0,19.0,16.0,1.0,12.0,6.5,43.158,0.207,0.0,0.0,0.0,5.4,3.7,,PS_REAL,,,,,
2026-04-21,145.9,33.8,39.2,39.9,6.0,71.0,29.6,21.5,21.5,0.0,0.0,122.2,210.26,,215.0,235.0,,,110.0,142.0,347.2,,325.0,377.0,0.0,0.0,0.0,0.0,0.0,0.0,10.0,18.0,14.0,1.0,16.0,8.5,47.065,0.0,0.0,0.0,0.0,4.8,4.3,,PS_REAL,,,,,
2026-04-22,143.6,34.7,35.6,34.8,10.7,70.9,36.6,21.5,21.5,0.6,0.0,129.0,214.63,,,,,,,,339.1,,,,,,,,,,12.0,21.0,16.5,,,,42.698,0.433,0.0,0.0,,5.5,3.5,,PS_REAL,,,,,
2026-04-23,139.1,34.3,35.7,34.3,9.600000000000001,71.4,34.8,19.8,19.8,0.6,0.0,126.0,218.97,,,,,,,,341.0,,,,,,,,,,12.0,22.0,17.0,,,,39.269,0.0,0.0,0.0,,4.9,3.5,,PS_REAL,,,,,
2026-04-24,119.5,35.5,34.9,,6.0,69.7,28.6,21.2,0.0,0.0,0.0,119.5,213.96,,,,,,,,343.8,,,,,,,,,,12.0,24.0,18.0,,,,41.19,0.0,0.009,0.0,,,,,RDS_ESTIMADO,,,,,
2026-04-25,112.6,33.7,34.3,,6.0,64.8,26.6,21.2,0.0,0.0,0.0,112.6,212.08,,,,,,,,335.5,,,,,,,,,,14.0,23.0,18.5,,,,35.938,0.0,0.0,0.518,,,,,RDS_ESTIMADO,,,,,
2026-04-26,137.4,40.3,32.8,27.7,9.6,69.8,37.8,16.2,16.2,2.0,0.0,123.8,211.96,,,,,,,,340.7,,,,,,,,,,12.0,17.0,14.5,,,,29.436,0.0,0.0,1.687,,4.5,6.9,,PS_REAL,,,,,
2026-04-27,156.2,50.0,36.5,34.7,5.7,73.6,31.4,24.5,24.5,1.8,0.0,129.5,208.76,,,,,,,,341.9,,,,,,,,,,7.0,18.0,12.5,,,,38.573,0.0,0.0,1.988,,5.4,8.0,,PS_REAL,,,,,
2026-04-28,151.4,47.3,35.2,29.1,11.2,72.6,38.2,21.8,21.8,2.3,0.0,132.6,208.16,,,,,,,,331.4,,,,,,,,,,10.0,20.0,15.0,,,,35.385,1.26,0.0,2.08,,5.3,4.1,,PS_REAL,,,,,
2026-04-29,143.4,42.8,33.9,29.3,9.2,67.2,40.7,21.0,21.0,3.7,0.0,129.0,204.96,,,,124.75,,,,328.8,,,,,,,,,,12.0,23.0,17.5,,,,33.666,0.079,0.0,1.985,,5.4,3.2,,PS_REAL,,,,,
2026-04-30,126.5,42.3,35.4,,9.8,74.6,30.7,21.2,0.0,0.0,0.0,126.5,205.66,,,,126.26,,,,329.7,,,,,,,,,,8.0,23.0,15.5,,,,34.743,0.0,0.0,2.074,,,,,RDS_ESTIMADO,,,,,
2026-05-01,117.0,40.6,33.6,,9.1,67.9,27.9,21.2,0.0,0.0,0.0,117.0,215.07,,,,137.25,,,,331.9,,,,,,,,,,13.0,25.0,19.0,,,,28.197,0.0,0.0,1.904,,,,,RDS_ESTIMADO,,,,,
2026-05-02,123.4,41.7,34.4,,8.6,72.4,29.8,21.2,0.0,0.0,0.0,123.4,218.94,,,,138.94,,,,352.3,,,,,,,,,,13.0,18.0,15.5,,,,34.902,0.0,0.0,1.889,,,,,RDS_ESTIMADO,,,,,
2026-05-03,139.9,49.3,32.1,30.3,9.6,73.3,37.3,22.3,22.3,3.5,0.0,132.9,224.72,,,,137.96,,,,357.9,,,,,,,,,,5.0,18.0,11.5,,,,35.057,0.0,0.0,1.865,,4.4,3.9,,PS_REAL,,,,,
2026-05-04,150.3,44.1,34.5,35.2,10.0,70.2,41.2,22.2,22.2,3.5,0.0,133.6,223.04,,,,137.77,,,,362.7,,,,,,,,,,10.0,21.0,15.5,,,,37.45,0.0,0.0,1.902,,5.3,4.1,,PS_REAL,,,,,
2026-05-05,147.9,39.0,35.7,34.7,10.6,71.4,39.4,22.9,22.9,2.7,0.0,133.8,225.59,,,,137.06,,,,361.1,,,,,,,,,,13.0,24.0,18.5,,,,38.99,0.032,0.0,2.021,,5.2,4.1,,PS_REAL,,,,,
2026-05-06,140.8,36.9,33.8,34.3,11.8,74.1,36.8,19.7,19.7,0.1,0.0,130.6,232.47,,,,136.23,,,,362.6,,,,,,,,,,19.0,23.0,21.0,,,,38.264,0.088,0.0,2.078,,5.2,4.0,,PS_REAL,,,,,
2026-05-07,145.7,45.9,34.5,31.1,9.9,74.2,38.4,20.6,20.6,1.1,0.0,133.2,232.79,,,,139.4,,,,368.7,,,,,,,,,,15.0,20.0,17.5,,,,36.157,0.0,0.0,1.97,,5.0,4.1,,PS_REAL,,,,,
2026-05-08,136.5,52.8,34.5,,9.6,81.7,33.6,21.2,0.0,0.0,0.0,136.5,228.64,,,,134.67,,,,372.2,,,,,,,,,,7.0,13.0,10.0,,,,35.281,0.0,0.0,1.928,,,,,RDS_ESTIMADO,,,,,
2026-05-09,135.2,54.4,33.4,,9.6,80.8,33.2,21.2,0.0,0.0,0.0,135.2,225.16,,,,128.27,,,,363.3,,,,,,,,,,6.0,13.0,9.5,,,,34.727,0.0,0.548,1.789,,,,,RDS_ESTIMADO,,,,,
2026-05-10,154.3,62.4,32.3,27.0,6.7,74.3,36.4,23.3,23.3,1.5,0.0,134.0,223.88,,,,125.44,,,,353.4,,,,,,,,,,3.0,15.0,9.0,,,,32.033,0.0,0.169,1.875,,4.6,3.6,,PS_REAL,,,,,
2026-05-11,152.8,60.4,34.0,25.1,7.5,72.1,39.5,23.1,23.1,1.9,0.0,134.7,222.94,,,,124.13,,,,349.2,,,,,,,,,,4.0,16.0,10.0,,,,29.941,0.0,0.47,2.155,,5.4,4.9,,PS_REAL,,,,,
2026-05-12,152.0,57.9,34.0,26.4,8.6,72.6,41.6,23.1,23.1,1.3,0.0,137.4,223.0,,,,125.24,,,,347.1,,,,,,,,,,9.0,21.0,15.0,,,,30.305,6.448,0.977,2.104,,5.4,5.1,,PS_REAL,,,,,
2026-05-13,156.1,60.7,34.5,26.6,8.2,74.6,41.4,22.7,22.7,1.3,0.0,138.8,221.29,,,,125.58,,,,348.2,,,,,,,,,,9.0,16.0,12.5,,,,30.802,0.0,1.06,2.26,,5.5,5.1,,PS_REAL,,,,,
2026-05-14,156.3,60.3,34.3,27.8,8.0,74.4,39.5,23.5,23.5,1.1,0.0,137.4,221.09,,,,123.74,,,,346.9,,,,,,,,,,10.0,18.0,14.0,,,,32.044,6.065,1.456,2.143,,5.5,4.3,,PS_REAL,,,,,
2026-05-15,132.9,56.5,34.6,,8.1,79.2,32.5,21.2,0.0,0.0,0.0,132.9,221.88,,,,123.06,,,,345.0,,,,,,,,,,8.0,19.0,13.5,,,,30.256,0.0,0.7,0.437,,,,,RDS_ESTIMADO,,,,,
2026-05-16,133.2,58.4,34.2,,6.7,79.4,32.6,21.2,0.0,0.0,0.0,133.2,223.58,,,,125.11,,,,344.9,,,,,,,,,,12.0,17.0,14.5,,,,30.355,0.0,1.248,0.231,,,,,RDS_ESTIMADO,,,,,
2026-05-17,156.7,65.4,31.8,26.2,6.5,75.0,40.3,23.1,23.1,1.4,6.1,144.5,223.69,,,,129.53,,,,348.7,,,,,,,,,,9.0,15.0,12.0,,,,30.736,0.0,1.246,1.186,,4.5,5.4,,PS_REAL,,,,,
2026-05-18,169.4,69.1,34.8,29.9,5.9,75.6,36.6,23.3,23.3,1.3,10.1,145.6,220.59,,,,125.0,,,,353.2,,,,,,,,,,3.0,17.0,10.0,,,,33.758,0.0,1.036,2.322,,5.2,5.0,,PS_REAL,,,,,
2026-05-19,163.7,65.9,33.9,30.1,6.199999999999999,73.0,37.2,22.8,22.8,1.2,10.6,143.5,218.19,,,,123.1,,,,345.6,,,,,,,,,,6.0,19.0,12.5,,,,34.442,0.0,1.213,2.184,,5.4,4.7,,PS_REAL,,,,,
2026-05-20,167.7,68.2,33.3,31.0,7.7,73.1,39.0,23.7,23.7,1.8,7.6,143.5,212.35,,,,121.78,,,,341.3,,,,,,,,,,8.0,15.0,11.5,,,,35.144,0.653,2.248,2.273,,5.5,6.5,,PS_REAL,,,,,
2026-05-21,167.8,71.1,32.8,30.7,4.3,76.6,42.1,23.9,23.9,2.0,8.5,151.1,211.41,,,,123.56,,,,334.1,,,,,,,,,,6.0,13.0,9.5,,,,35.638,10.031,3.02,2.315,,5.7,5.4,,PS_REAL,,,,,
2026-05-22,146.5,66.9,32.9,,7.1,88.8,36.5,21.2,0.0,0.0,0.0,146.5,214.64,,,,121.0,,,,335.0,,,,,,,,,,5.0,13.0,9.0,,,,34.422,10.156,2.109,2.292,,,,,RDS_ESTIMADO,,,,,
2026-05-23,142.1,63.8,32.1,,6.6,85.7,35.2,21.2,0.0,0.0,0.0,142.1,218.66,,,,124.39,,,,335.6,,,,,,,,,,10.0,15.0,12.5,,,,34.269,2.505,1.903,2.27,,,,,RDS_ESTIMADO,,,,,
2026-05-24,138.0,60.6,31.8,,6.6,82.8,34.0,21.2,0.0,0.0,0.0,138.0,220.0,,,,126.54,,,,343.0,,,,,,,,,,9.0,16.0,12.5,,,,35.632,0.413,0.956,2.214,,,,,RDS_ESTIMADO,,,,,
2026-05-25,160.7,62.0,30.8,32.6,7.1000000000000005,73.7,41.4,24.4,24.4,2.0,3.0,142.6,219.25,,,,126.55,,,,346.5,,,,,,,,,,9.0,17.0,13.0,,,,36.557,0.541,0.588,2.217,,4.6,5.9,,PS_REAL,,,,,
2026-05-26,147.1,66.5,33.0,31.6,4.3999999999999995,76.5,40.5,24.1,24.1,3.8,3.0,144.1,216.32,,,,126.45,,,,345.8,,,,,,,,,,7.2,14.3,12.1,,,,37.153,5.884,0.612,2.275,,5.5,5.2,0.9,PS_REAL,,,,,
2026-05-27,144.3,67.6,32.7,27.1,7.0,76.5,42.5,24.2,24.2,3.5,0.0,143.2,216.94,,,,124.66,,,,342.7,,,,,,,,,,10.4,13.9,13.3,,,,32.301,12.35,1.16,2.117,,5.3,4.2,0.4,PS_REAL,,,,,
2026-05-28,139.7,66.7,32.5,25.8,4.7,76.9,40.8,24.2,24.2,4.1,0.0,142.0,218.22,,,,125.62,,,,341.6,,,,,,,,,,12.2,14.1,13.8,,,,30.614,14.879,1.494,2.314,,5.4,4.8,-0.2,PS_REAL,,,,,
2026-05-29,138.3,62.0,32.9,25.3,,72.9,40.4,24.7,24.7,3.4,3.0,141.0,217.5,,,,125.93,,,,,,,,,,,,,,10.9,14.0,12.4,,,,30.473,12.602,1.488,2.287,,5.6,4.4,,PS_PROYECCION,,,,,
2026-05-30,136.2,58.6,32.2,26.6,,73.4,38.3,24.7,24.7,0.5,0.0,136.4,217.82,,,,125.03,,,,,,,,,,,,,,7.1,15.2,11.1,,,,29.351,7.193,1.739,2.287,,5.5,4.5,,PS_PROYECCION,,,,,
2026-05-31,132.8,59.9,30.3,25.1,8.2,72.5,39.7,23.9,23.9,0.6,3.0,139.1,219.56,,,,129.57,,,,342.8,,,,,,,,,,5.6,16.0,12.0,,,,29.425,5.83,1.238,2.162,,4.5,4.8,0.0,PS_REAL,,,,,
2026-06-01,151.2,66.6,33.1,35.9,9.3,73.2,42.1,24.0,24.0,0.3,16.0,155.3,220.68,,,,132.59,,,,349.1,,,,,,,,,,11.4,13.6,11.9,,,,39.731,2.779,0.827,2.059,,5.4,4.2,-3.2,PS_REAL,,,,,
2026-06-02,174.1,63.0,33.9,37.8,8.3,72.1,40.4,23.9,23.9,1.0,16.0,152.5,219.98,,,,130.34,,,,353.2,,,,,,,,,,10.6,14.8,14.1,,,,43.629,0.413,0.578,1.99,,5.4,4.2,,PS_REAL,,,,,
2026-06-03,169.5,59.3,34.4,38.6,8.5,74.6,38.6,23.7,23.7,0.1,12.0,149.0,,,,,124.73,,,,350.3,,,,,,,,,,13.0,16.6,14.0,,,,42.187,0.055,0.632,1.971,,5.4,5.1,,PS_REAL,,,,,
2026-06-04,171.5,57.9,35.7,41.2,8.4,76.5,42.2,23.5,23.5,1.9,12.0,154.2,224.94,,,,125.49,,,,348.7,,,,,,,,,,13.6,15.3,15.3,,,,47.764,0.032,1.142,2.071,,5.6,4.9,,PS_REAL,,,,,
2026-06-05,147.8,58.7,34.1,36.8,,77.8,39.1,24.6,24.6,0.3,12.0,153.5,226.45,,,,125.89,,,,,,,,,,,,,,14.0,17.8,15.9,,,,47.087,0.022,1.152,2.181,,5.6,4.5,,PS_PROYECCION,,,,,
2026-06-06,142.3,54.3,33.1,36.8,,77.8,39.1,24.6,24.6,0.3,12.0,153.5,228.57,,,,128.43,,,,,,,,,,,,,,13.3,17.2,15.2,,,,45.963,0.03,0.601,2.101,,5.5,4.5,,PS_PROYECCION,,,,,
2026-06-07,161.8,56.7,31.9,38.1,8.700000000000001,75.3,39.4,19.4,19.4,1.0,11.0,145.2,228.14,,,,130.82,,,,357.0,,,,,,,,,,13.0,16.0,14.5,,,,42.043,0.039,0.381,2.002,,4.6,5.0,,PS_REAL,,,,,
2026-06-08,176.9,65.3,33.4,42.8,6.7,75.7,41.1,22.2,22.2,1.8,12.0,151.0,,,,,130.31,,,,359.0,,,,,,,,,,12.0,14.0,13.0,,,,47.747,0.082,1.173,2.149,,5.5,4.8,,PS_REAL,,,,,
2026-06-09,177.6,68.2,33.9,40.8,6.5,75.7,40.6,23.3,23.3,1.3,17.0,156.6,221.34,,,,127.53,,,,351.6,,,,,,,,,,7.0,16.0,11.5,,,,46.969,0.118,1.268,2.045,,5.8,4.3,,PS_REAL,,,,,
2026-06-10,173.6,67.2,33.0,38.5,6.0,73.2,39.6,23.6,23.6,1.1,17.0,153.5,218.91,,,,128.07,,,,348.9,,,,,,,,,,9.0,15.0,12.0,,,,44.039,0.074,1.226,1.818,,5.6,4.3,,PS_REAL,,,,,
2026-06-11,167.5,64.5,32.5,34.8,5.6,73.8,38.0,22.9,22.9,0.5,17.0,151.7,222.99,,,,127.44,,,,347.0,,,,,,,,,,12.0,17.0,14.5,,,,42.165,0.688,1.159,1.892,,5.6,4.3,,PS_REAL,,,,,
2026-06-12,147.9,64.7,32.7,,5.0,89.8,36.9,21.2,0.0,0.0,0.0,147.9,222.39,,,,128.28,,,,350.4,,,,,,,,,,7.0,17.0,12.0,,,,40.402,1.112,0.507,1.927,,,,,RDS_ESTIMADO,,,,,
2026-06-13,148.8,68.6,31.1,,5.0,90.4,37.2,21.2,0.0,0.0,0.0,148.8,221.63,,,,129.31,,,,350.7,,,,,,,,,,9.0,14.0,11.5,,,,40.925,0.065,0.77,1.91,,,,,RDS_ESTIMADO,,,,,
2026-06-14,151.5,72.4,30.9,,5.3,92.3,38.0,21.2,0.0,0.0,0.0,151.5,222.64,,,,130.65,,,,350.9,,,,,,,,,,3.0,10.0,6.5,,,,39.765,0.062,0.782,1.953,,,,,RDS_ESTIMADO,,,,,
2026-06-15,172.0,75.7,29.9,34.3,5.8,75.9,40.4,23.7,23.7,1.0,17.0,157.0,224.59,,,,131.48,,,,353.3,,,,,,,,,,2.0,15.0,8.5,,,,40.761,0.247,1.194,2.047,,4.9,4.0,,PS_REAL,,,,,
2026-06-16,181.5,73.7,31.9,38.0,7.7,74.8,39.2,23.6,23.6,1.0,18.0,155.6,222.54,,,,126.17,,,,356.1,,,,,,,,,,8.0,17.0,12.5,,,,43.168,2.398,1.111,1.969,,5.5,4.1,,PS_REAL,,,,,
2026-06-17,176.9,75.9,31.2,33.0,5.7,75.9,37.9,22.9,22.9,1.0,18.0,154.7,221.34,,,,123.51,,,,348.7,,,,,,,,,,7.0,14.0,10.5,,,,41.779,4.031,1.244,2.056,,5.6,4.0,,PS_REAL,,,,,
2026-06-18,173.0,77.5,31.9,32.1,5.300000000000001,76.0,37.8,22.3,22.3,1.2,15.0,151.1,219.56,,,,121.5,,,,344.9,,,,,,,,,,10.0,13.0,11.5,,,,38.645,6.372,1.283,1.91,,5.6,4.1,,PS_REAL,,,,,
2026-06-19,149.8,75.5,30.7,,4.9,91.1,37.5,21.2,0.0,0.0,0.0,149.8,220.8,,,,122.48,,,,341.1,,,,,,,,,,8.0,15.0,11.5,,,,35.933,7.313,1.518,1.867,,,,,RDS_ESTIMADO,,,,,
2026-06-20,146.2,71.2,29.4,,6.4,88.6,36.4,21.2,0.0,0.0,0.0,146.2,225.5,,,,126.49,,,,343.3,,,,,,,,,,4.0,15.0,9.5,,,,34.905,5.063,0.579,1.931,,,,,RDS_ESTIMADO,,,,,
2026-06-21,163.0,67.6,27.3,27.6,6.7,75.8,42.2,21.9,21.9,1.1,15.5,155.4,231.46,,,,131.04,,,,352.0,,,,,,,,,,9.0,14.0,11.5,,,,32.431,5.86,0.535,1.868,,4.6,4.1,,PS_REAL,,,,,
2026-06-22,170.7,81.5,28.2,28.0,6.9,76.8,39.7,20.7,20.7,0.7,15.5,152.7,231.82,,,,131.28,,,,362.5,,,,,,,,,,7.0,13.0,10.0,,,,34.9,11.664,1.508,1.994,,5.3,3.8,,PS_REAL,,,,,
2026-06-23,179.1,85.8,26.5,30.3,7.7,76.5,43.0,21.6,21.6,1.2,18.0,159.1,230.65,,,,131.53,,,,363.1,,,,,,,,,,4.0,12.0,8.0,,,,36.165,14.114,1.847,1.816,,5.5,2.1,,PS_REAL,,,,,
2026-06-24,183.8,86.7,27.1,31.0,7.3,75.7,41.6,21.6,21.6,1.0,19.0,157.9,227.74,,,,127.86,,,,362.2,,,,,,,,,,4.0,12.0,8.0,,,,37.033,15.204,2.252,0.0,,5.5,4.3,,PS_REAL,,,,,
2026-06-25,178.9,84.2,28.2,31.1,7.1,76.1,41.6,22.1,22.1,1.0,20.1,159.9,226.8,,,,129.1,,,,355.6,,,,,,,,,,8.0,13.0,10.5,,,,38.285,13.673,2.111,0.0,,5.6,4.4,,PS_REAL,,,,,
2026-06-26,155.4,82.6,27.4,,6.6,95.1,39.1,21.2,0.0,0.0,0.0,155.4,226.39,,,,129.78,,,,355.9,,,,,,,,,,3.0,14.0,8.5,,,,,,,,,,,,RDS_ESTIMADO,,,,,
2026-06-27,151.1,76.9,26.8,,7.0,92.1,37.8,21.2,0.0,0.0,0.0,151.1,229.98,,,,132.56,,,,356.2,,,,,,,,,,7.0,16.0,11.5,,,,,,,,,,,,RDS_ESTIMADO,,,,,
2026-06-28,167.2,74.9,27.6,28.2,7.4,75.0,39.9,22.0,22.0,0.5,19.0,156.0,236.38,,,,132.97,,,,362.5,,,,,,,,,,8.0,13.0,10.5,,,,,,,,,4.5,4.6,,PS_REAL,,,,,
2026-06-29,176.7,80.8,28.3,31.6,7.1,76.9,41.0,20.9,20.9,0.0,19.1,157.9,236.23,,,,132.79,,,,369.3,,,,,,,,,,5.0,14.0,9.5,,,,,,,,,5.5,4.3,,PS_REAL,,,,,
2026-06-30,175.3,83.5,27.8,30.3,6.6,77.9,41.0,22.0,22.0,0.0,18.0,159.0,236.72,,,,134.11,,,,369.0,,,,,,,,,,3.0,14.0,8.5,,,,,,,,,5.5,3.8,,PS_REAL,,,,,
2026-07-01,181.9,88.7,27.2,30.5,6.4,76.7,41.2,21.8,21.8,0.8,17.0,156.7,229.92,,,,133.43,,,,370.8,,,,,,,,,,4.0,13.0,8.5,,,,,,,,,5.6,3.8,,PS_REAL,,,,,
2026-07-02,188.8,94.8,27.9,32.4,5.6,75.7,40.7,22.7,22.7,1.9,20.0,159.2,223.0,,,,128.87,,,,363.4,,,,,,,,,,1.0,9.0,5.0,,,,,,,,,5.8,3.9,,PS_REAL,,,,,
2026-07-03,166.3,94.1,26.1,,6.0,102.8,42.3,21.2,0.0,0.0,0.0,166.3,221.08,,,,125.07,,,,351.9,,,,,,,,,,0.0,9.1,4.5,,,,,,,,,,,,RDS_ESTIMADO,,,,,
2026-07-04,154.6,89.0,25.2,,6.0,94.5,38.9,21.2,0.0,0.0,0.0,154.6,221.24,,,,125.99,,,,346.2,,,,,,,,,,0.0,11.0,5.5,,,,,,,,,,,,RDS_ESTIMADO,,,,,
2026-07-05,175.7,91.2,24.0,26.9,6.5,77.8,42.3,22.7,22.7,2.3,19.2,162.0,223.94,,,,128.11,,,,347.2,,,,,,,,,,5.0,9.0,7.0,,,,,,,,,4.5,2.5,,PS_REAL,,,,,
2026-07-06,178.9,92.6,26.6,24.0,6.1000000000000005,77.7,41.6,23.0,23.0,1.7,19.3,161.5,224.33,,,,128.49,,,,352.0,,,,,,,,,,5.0,13.0,9.0,,,,,,,,,5.5,4.3,,PS_REAL,,,,,
2026-07-07,175.3,85.1,27.0,27.8,5.800000000000001,76.4,42.0,23.0,23.0,1.2,19.9,161.2,,,,,128.93,,,,352.8,,,,,,,,,,2.4,16.1,10.3,,,,,,,,,5.2,4.2,,PS_REAL,,,,,
2026-07-08,157.8,85.6,26.5,,6.0,96.8,39.8,21.2,0.0,0.0,0.0,157.8,231.46,,,,129.8,,,,356.7,,,,,,,,,,8.0,20.0,14.0,,,,,,,,,,,,RDS_ESTIMADO,,,,,
2026-07-09,151.6,73.8,27.0,,7.4,92.4,38.0,21.2,0.0,0.0,0.0,151.6,229.92,,,,133.01,,,,361.3,,,,,,,,,,8.0,17.0,12.5,,,,,,,,,,,,RDS_ESTIMADO,,,,,
2026-07-10,157.5,76.4,27.1,,7.4,96.6,39.7,21.2,0.0,0.0,0.0,157.5,226.95,,,,128.4,,,,362.9,,,,,,,,,,10.0,13.0,11.5,,,,,,,,,,,,RDS_ESTIMADO,,,,,
2026-07-11,148.5,70.5,26.8,,7.4,90.2,37.1,21.2,0.0,0.0,0.0,148.5,223.11,,,,124.76,,,,355.3,,,,,,,,,,7.0,15.0,11.0,,,,,,,,,,,,RDS_ESTIMADO,,,,,
2026-07-12,147.5,72.8,26.7,,7.4,89.5,36.8,21.2,0.0,0.0,0.0,147.5,,,,,127.2,,,,347.9,,,,,,,,,,7.0,13.0,10.0,,,,,,,,,,,,RDS_ESTIMADO,,,,,
2026-07-13,183.5,84.5,31.5,34.6,6.6,76.3,41.8,23.0,23.0,1.8,18.0,161.1,220.36,,,,127.13,,,,351.3,,,,,,,,,,4.0,14.0,9.0,,,,,,,,,5.5,4.3,,PS_REAL,,,,,
2026-07-14,180.5,79.2,30.7,34.6,7.3,76.1,42.7,23.1,23.1,2.7,17.6,160.1,219.64,,,,126.03,,,,347.5,,,,,,,,,,8.0,16.0,12.0,,,,,,,,,5.4,4.2,,PS_REAL,,,,,
2026-07-15,168.1,69.7,30.4,33.9,7.6,75.9,43.1,22.6,22.6,2.5,17.6,159.2,224.93,,,,129.28,,,,345.7,,,,,,,,,,11.0,17.0,14.0,,,,,,,,,4.9,4.2,,PS_REAL,,,,,
2026-07-16,158.9,58.8,31.1,30.4,7.800000000000001,75.9,41.4,21.5,21.5,1.1,15.0,153.9,232.31,,,,134.44,,,,354.7,,,,,,,,,,17.0,20.0,18.5,,,,,,,,,5.4,3.6,,PS_REAL,,,,,
2026-07-17,136.7,,30.7,,7.5,81.9,33.6,21.2,0.0,0.0,0.0,136.7,235.4,,,,137.5,,,,366.8,,,,,,,,,,18.0,23.0,20.5,,,,,,,,,,,,RDS_ESTIMADO,,,,,
2026-07-18,138.5,,31.7,,7.0,83.1,34.2,21.2,0.0,0.0,0.0,138.5,231.99,,,,136.12,,,,372.9,,,,,,,,,,14.0,17.0,15.5,,,,,,,,,,,,RDS_ESTIMADO,,,,,
2026-07-19,161.1,67.0,31.9,31.5,7.7,75.6,37.2,20.5,20.5,0.0,3.0,136.3,225.51,,,,133.83,,,,368.1,,,,,,,,,,9.0,15.0,12.0,,,,,,,,,4.2,3.7,,PS_REAL,,,,,
2026-07-20,176.4,77.1,32.7,35.0,6.8,76.0,39.1,22.3,22.3,0.0,14.0,151.4,220.92,,,,131.85,,,,359.3,,,,,,,,,,9.0,13.0,11.0,,,,,,,,,5.2,3.3,,PS_REAL,,,,,
2026-07-21,181.0,80.7,33.0,35.1,5.7,75.9,39.8,22.5,22.5,0.5,20.5,158.7,,,,,130.06,,,,352.8,,,,,,,,,,10.0,14.0,12.0,,,,,,,,,5.3,4.1,,PS_REAL,,,,,
2026-07-22,179.6,81.9,30.3,31.1,6.800000000000001,74.6,41.4,22.6,22.6,2.0,21.2,159.8,216.02,,,,127.85,,,,347.0,,,,,,,,,,9.0,13.0,11.0,,,,,,,,,5.3,4.0,,PS_REAL,,,,,
2026-07-23,170.4,78.5,29.8,29.7,6.300000000000001,75.0,41.3,23.3,23.3,2.5,21.1,160.7,,,,,128.54,,,,343.9,,,,,,,,,,8.0,13.0,10.5,,,,,,,,,5.4,4.0,,PS_REAL,,,,,
2026-07-24,156.0,,30.1,,6.800000000000001,95.5,39.3,21.2,0.0,0.0,0.0,156.0,224.53,,,,130.92,,,,350.7,,,,,,,,,,12.0,15.0,13.5,,,,,,,,,,,,RDS_ESTIMADO,,,,,
2026-07-25,147.8,,32.0,,6.800000000000001,89.7,36.9,21.2,0.0,0.0,0.0,147.8,230.27,,,,132.76,,,,355.4,,,,,,,,,,11.0,16.0,13.5,,,,,,,,,,,,RDS_ESTIMADO,,,,,
2026-07-26,149.1,60.0,29.0,25.9,7.4,74.5,40.1,21.7,21.7,1.0,7.0,143.4,237.43,,,,134.95,,,,363.0,,,,,,,,,,12.0,20.0,16.0,,,,,,,,,4.6,4.3,,PS_REAL,,,,,
2026-07-27,143.9,,32.9,,6.800000000000001,87.0,35.7,21.2,0.0,0.0,0.0,143.9,236.14,,,,136.28,,,,372.4,,,,,,,,,,13.0,19.0,16.0,,,,,,,,,,,,RDS_ESTIMADO,,,,,
2026-07-28,166.4,63.7,34.5,36.4,7.6,75.2,39.0,20.3,20.3,0.8,6.0,140.6,,,,,134.54,,,,372.4,,,,,,,,,,11.0,16.0,13.5,,,,,,,,,5.4,2.9,,PS_REAL,,,,,
2026-07-29,172.9,67.6,34.9,35.2,7.3,76.7,37.2,19.0,19.0,0.0,10.0,143.0,218.6,,,,130.39,,,,362.5,,,,,,,,,,9.0,15.0,12.0,,,,,,,,,5.3,3.0,,PS_REAL,,,,,
2026-07-30,157.5,68.5,33.2,27.7,3.6,76.1,37.4,21.6,21.6,0.0,9.0,144.2,218.84,,,,133.09,,,,349.0,,,,,,,,,,11.0,18.0,14.5,,,,,,,,,5.4,2.4,,PS_REAL,,,,,
2026-07-31,137.6,,35.0,,6.5,82.5,33.9,21.2,0.0,0.0,0.0,137.6,221.78,,,,138.76,,,,351.9,,,,,,,,,,14.0,21.0,17.5,,,,,,,,,,,,RDS_ESTIMADO,,,,,
2026-08-01,132.5,,33.6,,3.5,78.9,32.4,21.2,0.0,0.0,0.0,132.5,224.78,,,,143.55,,,,360.5,,,,,,,,,,14.0,19.0,16.5,,,,,,,,,,,,RDS_ESTIMADO,,,,,
2026-08-02,137.2,56.3,32.1,21.2,4.5,75.7,32.6,21.6,21.6,1.3,0.0,130.0,232.22,,,,143.61,,,,368.3,,,,,,,,,,12.0,15.0,13.5,,,,,,,,,4.6,3.2,,PS_REAL,,,,,
2026-08-03,157.5,59.6,35.0,30.6,7.5,74.3,37.1,21.1,21.1,1.3,0.0,132.4,229.69,,,,136.96,,,,375.8,,,,,,,,,,13.0,16.0,14.5,,,,,,,,,5.4,3.5,,PS_REAL,,,,,
2026-08-04,159.6,63.0,34.5,31.1,5.7,75.2,38.2,21.3,21.3,1.4,3.0,137.7,228.57,,,,133.01,,,,366.7,,,,,,,,,,11.0,15.0,13.0,,,,,,,,,5.5,3.0,,PS_REAL,,,,,
2026-08-05,160.4,62.6,35.0,32.2,4.7,75.7,38.0,20.9,20.9,2.8,8.0,142.6,225.08,,,,135.24,,,,361.6,,,,,,,,,,13.0,16.0,14.5,,,,,,,,,5.5,4.1,,PS_REAL,,,,,
2026-08-06,161.7,71.1,34.9,27.3,4.6,77.0,37.3,21.0,21.0,3.7,6.0,141.3,,,,,134.62,,,,360.3,,,,,,,,,,9.0,14.0,11.5,,,,,,,,,5.4,4.5,,PS_REAL,,,,,
2026-08-07,151.5,,35.1,,5.4,92.3,38.0,21.2,0.0,0.0,0.0,151.5,221.37,,,,135.21,,,,355.9,,,,,,,,,,5.0,13.0,9.0,,,,,,,,,,,,RDS_ESTIMADO,,,,,
2026-08-08,145.2,,33.5,,5.0,87.9,36.1,21.2,0.0,0.0,0.0,145.2,224.37,,,,135.61,,,,356.6,,,,,,,,,,7.0,13.0,10.0,,,,,,,,,,,,RDS_ESTIMADO,,,,,
2026-08-09,146.3,,33.4,,5.5,88.7,36.4,21.2,0.0,0.0,0.0,146.3,225.93,,,,135.28,,,,360.0,,,,,,,,,,3.0,15.0,9.0,,,,,,,,,,,,RDS_ESTIMADO,,,,,
2026-08-10,182.8,86.8,31.8,33.0,5.7,74.2,38.4,22.4,22.4,2.4,15.0,150.1,218.63,,,,126.27,,,,361.2,,,,,,,,,,4.0,12.0,8.0,,,,,,,,,5.6,5.5,,PS_REAL,,,,,
2026-08-11,181.8,86.5,31.4,34.2,5.8,76.8,39.8,23.0,23.0,1.8,20.1,159.7,216.39,,,,123.32,,,,344.9,,,,,,,,,,6.0,12.0,9.0,,,,40.717,4.539,2.086,1.946,,5.6,4.4,,PS_REAL,,,,,
2026-08-12,183.0,84.7,30.9,33.7,7.0,76.4,40.8,23.6,23.6,1.8,20.8,161.5,217.16,,,,117.87,,,,339.7,,,,,,,,,,8.0,13.0,10.5,,,,40.397,6.83,2.458,2.06,,5.6,3.9,,PS_REAL,,,,,
2026-08-13,163.8,,29.0,,6.5,101.1,41.5,21.2,0.0,0.0,0.0,163.8,220.31,,,,116.52,,,,335.0,,,,,,,,,,8.0,12.0,10.0,,,,39.645,2.76,2.117,2.034,,,,,RDS_ESTIMADO,,,,,
2026-08-14,155.9,,28.0,,6.5,95.5,39.2,21.2,0.0,0.0,0.0,155.9,221.99,,,,116.37,,,,336.8,,,,,,,,,,10.0,13.0,11.5,,,,34.79,3.524,1.199,1.985,,,,,RDS_ESTIMADO,,,,,
2026-08-15,141.3,,26.3,,5.5,85.1,35.0,21.2,0.0,0.0,0.0,141.3,225.14,,,,120.64,,,,338.4,,,,,,,,,,13.0,15.0,14.0,,,,31.218,1.84,0.811,1.701,,,,,RDS_ESTIMADO,,,,,
2026-08-16,131.5,,27.3,,5.5,78.2,32.1,21.2,0.0,0.0,0.0,131.5,229.98,,,,128.14,,,,345.8,,,,,,,,,,12.0,18.0,15.0,,,,26.41,1.85,0.231,0.0,,,,,RDS_ESTIMADO,,,,,
2026-08-17,153.0,71.8,28.6,24.7,4.0,75.9,38.3,23.2,23.2,2.5,0.0,137.3,229.96,,,,128.15,,,,358.1,,,,,,,,,,12.0,14.0,13.0,,,,29.826,2.659,0.28,0.0,,4.9,3.6,,PS_REAL,,,,,
2026-08-18,165.8,77.3,29.3,27.7,3.6,76.6,39.8,23.8,23.8,2.3,7.0,147.1,227.01,,,,128.86,,,,358.1,,,,,,,,,,7.0,13.0,10.0,,,,33.616,6.495,1.458,0.263,,5.6,3.7,,PS_REAL,,,,,
2026-08-19,158.1,73.7,30.3,26.0,4.1,74.4,40.3,23.6,23.6,2.5,7.0,145.2,228.35,,,,130.88,,,,355.9,,,,,,,,,,6.0,15.0,10.5,,,,32.381,4.875,0.99,1.871,,5.5,4.0,,PS_REAL,,,,,
2026-08-20,154.9,70.2,31.5,27.7,2.6999999999999997,75.8,39.0,23.7,23.7,3.8,5.6,144.1,231.16,,,,132.55,,,,359.2,,,,,,,,,,8.0,17.0,12.5,,,,33.012,1.479,0.825,1.886,,5.6,3.9,,PS_REAL,,,,,
2026-08-21,152.2,,31.0,,3.5,92.8,38.2,21.2,0.0,0.0,0.0,152.2,228.13,,,,128.02,,,,363.7,,,,,,,,,,6.0,12.0,9.0,,,,35.624,1.49,0.988,1.889,,,,,RDS_ESTIMADO,,,,,
2026-08-22,143.9,,30.8,,2.5,87.0,35.7,21.2,0.0,0.0,0.0,143.9,229.16,,,,127.06,,,,356.2,,,,,,,,,,4.0,14.0,9.0,,,,34.557,0.167,0.135,1.823,,,,,RDS_ESTIMADO,,,,,
2026-08-23,163.2,73.7,30.0,28.2,4.800000000000001,75.6,39.7,23.5,23.5,4.5,6.0,144.9,228.55,,,,125.61,,,,356.2,,,,,,,,,,4.0,13.0,8.5,,,,34.784,0.068,0.0,1.787,,4.7,3.6,,PS_REAL,,,,,
2026-08-24,174.4,75.4,32.1,30.8,6.6000000000000005,74.0,42.6,23.1,23.1,4.4,8.5,148.2,219.99,,,,124.36,,,,354.2,,,,,,,,,,7.0,13.0,10.0,,,,36.783,0.106,0.211,1.924,,5.5,4.2,,PS_REAL,,,,,
2026-08-25,163.2,70.9,32.9,26.0,6.9,71.3,41.5,23.1,23.1,5.0,6.2,143.4,219.22,,,,120.93,,,,344.4,,,,,,,,,,8.0,14.0,11.0,,,,32.637,0.041,0.098,2.061,,5.5,4.5,,PS_REAL,,,,,
2026-08-26,152.7,62.6,32.7,24.6,5.2,69.9,40.1,23.2,23.2,4.2,4.0,137.2,220.73,,,,120.28,,,,340.2,,,,,,,,,,10.0,18.0,14.0,,,,29.613,0.059,0.0,1.753,,5.4,4.0,,PS_REAL,,,,,
2026-08-27,150.7,64.8,33.7,27.1,3.8,70.5,38.6,23.2,23.2,3.4,3.0,135.3,220.58,,,,119.29,,,,341.0,,,,,,,,,,10.0,18.0,14.0,,,,31.107,0.086,0.1,1.954,,5.5,3.1,,PS_REAL,,,,,
2026-08-28,138.2,,33.6,,6.1,82.9,34.1,21.2,0.0,0.0,0.0,138.2,223.43,,,,121.35,,,,339.9,,,,,,,,,,9.0,17.0,13.0,,,,30.595,0.04,0.0,1.909,,,,,RDS_ESTIMADO,,,,,
2026-08-29,126.5,,33.2,,3.4,74.6,30.7,21.2,0.0,0.0,0.0,126.5,229.48,,,,128.37,,,,344.8,,,,,,,,,,8.0,18.0,13.0,,,,30.05,0.033,0.0,0.0,,,,,RDS_ESTIMADO,,,,,
2026-08-30,129.4,50.6,31.5,19.4,2.6999999999999997,73.3,38.0,21.4,21.4,1.5,0.0,132.7,241.48,,,,134.59,,,,357.8,,,,,,,,,,8.0,20.0,14.0,,,,24.859,0.078,0.0,0.0,,4.7,2.5,,PS_REAL,,,,,
2026-08-31,142.9,52.7,34.7,24.8,3.0999999999999996,70.0,35.8,19.7,19.7,1.7,0.0,125.6,238.69,,,,136.6,,,,376.1,,,,,,,,,,12.0,19.0,15.5,,,,29.802,0.06,0.0,0.0,,5.5,4.4,,PS_REAL,,,,,
2026-09-01,148.1,51.9,35.4,31.5,3.8,71.0,33.7,20.7,20.7,0.9,0.0,125.4,233.48,,,,135.66,,,,375.3,,,,,,,,,,10.0,17.0,13.5,,,,36.033,0.075,0.0,0.0,,5.5,4.0,,PS_REAL,,,,,
2026-09-02,143.4,50.9,35.7,26.2,4.3,72.6,33.1,21.6,21.6,0.0,0.0,127.3,235.13,,,,136.33,,,,369.1,,,,,,,,,,11.0,23.0,17.0,,,,32.002,0.029,0.0,0.0,,5.5,2.8,,PS_REAL,,,,,
2026-09-03,144.9,53.0,35.6,26.0,2.8,73.7,33.6,21.0,21.0,0.0,0.0,128.2,234.87,,,,137.17,,,,371.0,,,,,,,,,,12.0,19.0,15.5,,,,32.571,0.023,0.0,0.0,,5.6,3.5,,PS_REAL,,,,,
2026-09-04,132.2,,35.6,,4.0,78.7,32.3,21.2,0.0,0.0,0.0,132.2,234.78,,,,136.08,,,,371.5,,,,,,,,,,7.0,19.0,13.0,,,,29.638,0.036,0.0,0.0,,,,,RDS_ESTIMADO,,,,,
2026-09-05,137.1,,35.1,,3.3,82.1,33.8,21.2,0.0,0.0,0.0,137.1,229.75,,,,135.42,,,,370.5,,,,,,,,,,7.0,14.0,10.5,,,,31.455,0.035,0.0,0.0,,,,,RDS_ESTIMADO,,,,,
2026-09-06,148.7,72.4,32.7,28.1,3.3,74.5,39.3,23.7,23.7,3.6,0.0,137.5,222.86,,,,131.24,,,,364.8,,,,,,,,,,3.0,10.0,6.5,,,,34.464,0.078,0.386,0.161,,4.7,4.8,2.7,PS_REAL,,,,,
2026-09-07,149.3,74.9,32.8,28.8,4.2,73.8,42.6,23.9,23.9,3.9,0.0,142.5,218.37,,,,129.21,,,,353.7,,,,,,,,,,5.0,14.0,9.5,,,,35.395,0.287,0.234,1.78,,5.6,4.5,-1.6,PS_REAL,,,,,
2026-09-08,137.0,65.0,32.0,25.2,3.4,70.9,40.3,21.7,21.7,4.4,4.5,139.6,220.85,,,,129.07,,,,347.6,,,,,,,,,,9.0,18.0,13.5,,,,32.309,0.534,0.088,1.713,,5.4,3.6,2.4,PS_REAL,,,,,
2026-09-09,131.5,57.6,32.7,26.3,3.3,74.1,42.4,21.7,21.7,4.6,0.0,138.2,225.87,,,,130.73,,,,349.9,,,,,,,,,,10.0,19.0,14.5,,,,31.507,0.121,0.17,1.701,,5.5,3.1,3.0,PS_REAL,,,,,
2026-09-10,129.4,52.8,33.6,28.9,2.3,73.6,38.7,22.0,22.0,3.6,0.0,134.3,229.48,,,,132.0,,,,356.6,,,,,,,,,,10.4,19.0,16.1,,,,34.356,0.061,0.063,1.738,,5.7,4.3,2.0,PS_REAL,,,,,
2026-09-11,130.2,56.9,33.9,26.4,,75.3,37.1,22.3,22.3,2.0,0.0,134.7,230.54,,,,132.25,,,,,,,,,,,,,,12.1,18.1,15.1,,,,32.257,0.028,0.019,1.642,,5.8,4.1,,PS_PROYECCION,,,,,
2026-09-12,138.4,66.9,32.8,25.9,,75.8,35.9,23.6,23.6,1.5,0.0,135.3,224.23,,,,128.6,,,,,,,,,,,,,,7.7,13.0,10.3,,,,33.927,0.071,0.017,1.74,,5.8,4.1,,PS_PROYECCION,,,,,
2026-09-13,140.8,73.1,31.7,26.1,2.0,73.5,39.5,23.8,23.8,3.7,0.0,138.6,223.36,,,,127.19,,,,352.8,,,,,,,,,,3.4,11.2,7.9,,,,31.161,0.021,0.0,1.679,,4.8,3.8,-0.6,PS_REAL,,,,,
2026-09-14,139.6,69.6,32.2,25.9,2.2,73.3,40.1,23.8,23.8,3.8,4.0,141.3,222.92,,,,129.17,,,,350.5,,,,,,,,,,6.0,13.6,12.0,,,,32.406,0.073,0.307,1.728,,5.5,4.0,0.1,PS_REAL,,31.0,0.546,0.236,1.764
2026-09-15,133.5,62.3,34.0,22.5,3.1,75.0,37.3,22.1,22.1,4.9,0.0,134.4,222.77,,,,130.42,,,,352.2,,,,,,,,,,9.3,20.2,12.9,,,,26.562,0.045,0.275,1.807,,5.5,3.4,2.9,PS_REAL,,31.0,0.393,0.236,1.764
2026-09-16,133.5,61.6,33.9,25.0,2.2,74.1,34.5,23.3,23.3,3.9,0.0,131.9,221.86,,,,129.71,,,,353.2,,,,,,,,,,5.3,12.9,11.6,,,,31.325,0.053,0.243,0.034,,5.7,4.0,1.2,PS_REAL,,33.0,0.134,0.0,0.0
2026-09-17,120.6,47.7,34.2,24.1,3.5,73.2,33.3,23.3,23.3,1.0,0.0,129.9,227.49,,,,133.39,,,,351.6,,,,,,,,,,11.1,23.2,18.8,,,,29.838,0.04,0.0,0.0,,5.6,3.5,1.9,PS_REAL,,34.83,0.136,0.0,0.0
2026-09-18,121.2,45.4,35.3,34.73,,70.1,30.3,20.0,20.0,0.0,0.0,120.4,233.56,,,,137.14,,,,,,,,,,,,,,13.4,21.0,17.2,,,,26.507,0.105,0.0,0.0,,5.8,3.8,,PS_PROYECCION,,34.73,0.146,0.0,0.0
2026-09-19,103.0,36.8,34.0,26.47,,65.5,29.1,15.0,15.0,0.0,0.0,109.6,234.94,,,,137.51,,,,,,,,,,,,,,15.2,21.0,18.1,,,,20.399,0.0,0.0,0.0,,5.7,3.8,,PS_PROYECCION,,26.47,0.084,0.0,0.0
2026-09-20,93.2,36.3,32.7,17.0,1.6,51.2,27.3,10.5,10.5,0.0,0.0,89.0,229.19,,,,138.98,,,,372.4,,,,,,,,,,14.8,23.0,16.9,,,,19.875,0.034,0.0,0.0,,4.6,2.1,-1.0,PS_REAL,,25.47,0.034,0.0,0.0
2026-09-21,120.3,53.3,36.3,20.6,1.5999999999999999,66.0,26.7,18.3,18.3,0.0,0.0,111.0,224.91,,,,134.04,,,,368.2,,,,,,,,,,9.7,16.1,13.8,,,,22.593,0.047,0.0,0.0,,5.6,4.1,-1.3,PS_REAL,,28.7,0.136,0.0,0.0
2026-09-22,131.1,60.2,35.6,24.2,1.4,70.0,31.9,20.2,20.2,0.0,0.0,124.0,220.83,,,,131.01,,,,358.9,,,,,,,,,,4.9,12.5,9.6,,,,29.618,0.057,0.0,0.0,,5.7,3.6,0.4,PS_REAL,,28.7,0.134,0.0,0.0
2026-09-23,128.0,58.3,35.5,28.7,,73.2,29.1,22.0,22.0,0.0,0.0,124.3,228.06,,,,,,,,,,,,,,,,,,6.8,16.8,11.8,,,,,,,,,5.5,3.3,,PS_PROYECCION,,28.7,0.134,0.0,0.0
2026-09-24,120.8,51.3,36.1,27.62,,73.2,29.6,22.0,22.0,0.0,0.0,124.8,,,,,,,,,,,,,,,,,,,,,,,,,,,,,,5.8,3.3,,PS_PROYECCION,,27.62,0.136,0.0,0.0
2026-09-25,116.9,46.4,35.6,28.79,,73.0,29.6,22.0,22.0,0.0,0.0,124.6,,,,,,,,,,,,,,,,,,,,,,,,,,,,,,6.1,3.3,,PS_PROYECCION,,28.79,0.146,0.0,0.0
2026-09-26,112.1,44.9,34.2,27.23,,73.0,29.6,22.0,22.0,0.0,0.0,124.6,,,,,,,,,,,,,,,,,,,,,,,,,,,,,,5.8,3.4,,PS_PROYECCION,,27.23,0.084,0.0,0.0
2026-09-27,107.6,42.4,34.0,25.96,,73.0,29.6,22.0,22.0,0.0,0.0,124.6,,,,,,,,,,,,,,,,,,,,,,,,,,,,,,5.2,3.4,,PS_PROYECCION,,25.96,0.042,0.0,0.0
